-- phpMyAdmin SQL Dump
-- version 5.2.1
-- https://www.phpmyadmin.net/
--
-- Anamakine: 127.0.0.1
-- Üretim Zamanı: 14 Tem 2023, 22:42:52
-- Sunucu sürümü: 10.4.28-MariaDB
-- PHP Sürümü: 8.2.4

SET SQL_MODE = "NO_AUTO_VALUE_ON_ZERO";
START TRANSACTION;
SET time_zone = "+00:00";


/*!40101 SET @OLD_CHARACTER_SET_CLIENT=@@CHARACTER_SET_CLIENT */;
/*!40101 SET @OLD_CHARACTER_SET_RESULTS=@@CHARACTER_SET_RESULTS */;
/*!40101 SET @OLD_COLLATION_CONNECTION=@@COLLATION_CONNECTION */;
/*!40101 SET NAMES utf8mb4 */;

--
-- Veritabanı: `cms`
--

-- --------------------------------------------------------

--
-- Tablo için tablo yapısı `admin`
--

CREATE TABLE `admin` (
  `id` int(11) NOT NULL,
  `username` varchar(250) NOT NULL,
  `password` varchar(250) NOT NULL,
  `updationDate` varchar(255) NOT NULL
) ENGINE=InnoDB DEFAULT CHARSET=utf8 COLLATE=utf8_unicode_ci;

--
-- Tablo döküm verisi `admin`
--

INSERT INTO `admin` (`id`, `username`, `password`, `updationDate`) VALUES
(1, 'admin', '21232f297a57a5a743894a0e4a801fc3', '15-07-2023 01:18:25 AM');

-- --------------------------------------------------------

--
-- Tablo için tablo yapısı `category`
--

CREATE TABLE `category` (
  `id` int(11) NOT NULL,
  `categoryName` varchar(255) NOT NULL,
  `categoryDescription` longtext NOT NULL,
  `creationDate` timestamp NOT NULL DEFAULT current_timestamp(),
  `updationDate` varchar(255) NOT NULL
) ENGINE=InnoDB DEFAULT CHARSET=utf8 COLLATE=utf8_unicode_ci;

--
-- Tablo döküm verisi `category`
--

INSERT INTO `category` (`id`, `categoryName`, `categoryDescription`, `creationDate`, `updationDate`) VALUES
(1, 'Technology', 'For Technologically complaints', '2023-07-10 13:24:21', '14-07-2023 02:13:06 AM'),
(3, 'Toys', '', '2023-07-10 13:42:59', ''),
(4, 'Fashion', '', '2023-07-13 22:55:13', ''),
(5, 'Otomobile', 'For autos and their parts etc....', '2023-07-14 19:42:53', '14-07-2023 10:43:17 PM');

-- --------------------------------------------------------

--
-- Tablo için tablo yapısı `complaintremark`
--

CREATE TABLE `complaintremark` (
  `id` int(11) NOT NULL,
  `complaintNumber` int(11) NOT NULL,
  `status` varchar(255) NOT NULL,
  `remark` longtext NOT NULL,
  `remarkDate` timestamp NOT NULL DEFAULT current_timestamp()
) ENGINE=InnoDB DEFAULT CHARSET=utf8 COLLATE=utf8_unicode_ci;

--
-- Tablo döküm verisi `complaintremark`
--

INSERT INTO `complaintremark` (`id`, `complaintNumber`, `status`, `remark`, `remarkDate`) VALUES
(1, 1, 'in process', 'grekli yerlere yüölendirildi', '2023-07-10 13:46:51'),
(2, 1, 'closed', 'Sorun Firma taraf?ndan çözüldü', '2023-07-10 13:47:39'),
(3, 2, 'in process', 'asdsadasdasd', '2023-07-11 10:25:36'),
(4, 2, 'closed', 'tmamasd', '2023-07-11 10:26:04'),
(5, 4, 'in process', 'ileit?eimsad', '2023-07-13 13:14:13'),
(6, 4, 'closed', 'onaylandı', '2023-07-14 19:18:29'),
(7, 6, 'in process', 'ilgili kuruma gönderildi', '2023-07-14 19:19:04'),
(8, 5, 'in process', 'şikayet iletildi', '2023-07-14 19:22:17'),
(9, 7, 'in process', 'ilgili kuruma iletildi', '2023-07-14 19:37:50'),
(10, 6, 'closed', 'şikayet tamamlandı. sorun çözüldü', '2023-07-14 19:39:56');

-- --------------------------------------------------------

--
-- Tablo için tablo yapısı `state`
--

CREATE TABLE `state` (
  `id` int(11) NOT NULL,
  `stateName` varchar(255) NOT NULL,
  `stateDescription` text NOT NULL,
  `postingDate` timestamp NOT NULL DEFAULT current_timestamp(),
  `updationDate` varchar(255) NOT NULL
) ENGINE=InnoDB DEFAULT CHARSET=utf8 COLLATE=utf8_unicode_ci;

--
-- Tablo döküm verisi `state`
--

INSERT INTO `state` (`id`, `stateName`, `stateDescription`, `postingDate`, `updationDate`) VALUES
(1, 'Mersin', '', '2023-07-10 13:25:34', ''),
(3, 'İstanbul', '', '2023-07-13 22:55:34', ''),
(7, 'Ankara', '1234', '2023-07-14 18:52:03', '14-07-2023 10:46:43 PM'),
(8, 'Karaman', '', '2023-07-14 18:52:10', ''),
(9, 'Eskişehir', '', '2023-07-14 18:52:17', ''),
(10, 'İzmir', '', '2023-07-14 18:52:24', ''),
(11, 'Adana', '', '2023-07-14 18:52:28', ''),
(12, 'Van', '', '2023-07-14 18:52:36', ''),
(13, 'Erzurum', '', '2023-07-14 18:52:41', ''),
(14, 'Konya', '.......', '2023-07-14 19:46:11', '');

-- --------------------------------------------------------

--
-- Tablo için tablo yapısı `subcategory`
--

CREATE TABLE `subcategory` (
  `id` int(11) NOT NULL,
  `categoryid` int(11) NOT NULL,
  `subcategory` varchar(255) NOT NULL,
  `creationDate` timestamp NOT NULL DEFAULT current_timestamp(),
  `updationDate` varchar(255) NOT NULL
) ENGINE=InnoDB DEFAULT CHARSET=utf8 COLLATE=utf8_unicode_ci;

--
-- Tablo döküm verisi `subcategory`
--

INSERT INTO `subcategory` (`id`, `categoryid`, `subcategory`, `creationDate`, `updationDate`) VALUES
(1, 1, 'Phone', '2023-07-10 13:43:28', '10-07-2023 07:13:47 PM'),
(2, 1, 'Computer', '2023-07-10 13:43:40', ''),
(3, 2, 'Telefon', '2023-07-11 00:02:45', ''),
(5, 1, 'Cable', '2023-07-11 10:26:59', '14-07-2023 04:32:39 AM'),
(7, 5, 'Wheels or .....', '2023-07-14 19:44:26', '14-07-2023 10:44:51 PM');

-- --------------------------------------------------------

--
-- Tablo için tablo yapısı `tblcomplaints`
--

CREATE TABLE `tblcomplaints` (
  `complaintNumber` int(11) NOT NULL,
  `userId` int(11) NOT NULL,
  `category` int(11) NOT NULL,
  `subcategory` varchar(255) NOT NULL,
  `complaintType` varchar(255) NOT NULL,
  `state` varchar(255) NOT NULL,
  `noc` varchar(255) NOT NULL,
  `complaintDetails` varchar(250) DEFAULT NULL,
  `complaintFile` varchar(255) DEFAULT NULL,
  `regDate` timestamp NOT NULL DEFAULT current_timestamp(),
  `status` varchar(50) DEFAULT NULL,
  `lastUpdationDate` datetime DEFAULT current_timestamp()
) ENGINE=InnoDB DEFAULT CHARSET=utf8 COLLATE=utf8_unicode_ci;

--
-- Tablo döküm verisi `tblcomplaints`
--

INSERT INTO `tblcomplaints` (`complaintNumber`, `userId`, `category`, `subcategory`, `complaintType`, `state`, `noc`, `complaintDetails`, `complaintFile`, `regDate`, `status`, `lastUpdationDate`) VALUES
(1, 1, 1, 'Phone', ' Complaint', 'Mersin', 'Anakart sorunu', 'telefonu alalı 5 gün oldu açılmıyor. Şu marka bir ', 'Screenshot 2023-06-14 041324.png', '2023-07-10 13:45:35', 'closed', '2023-07-10 16:47:39'),
(2, 1, 3, 'Select Subcategory', 'General Query', 'Mersin', 'Anakart sorunu', 'dxdfdsfzsdn aksdkjsajdnajsndsds', '', '2023-07-10 13:59:54', 'closed', '2023-07-10 16:59:54'),
(3, 2, 2, 'Select Subcategory', 'General Query', 'Mersin', 'Anakart sorunu', 'gkvhgvhghghhgvhgghhgjhgvvgghjghjgvghjvghj', '', '2023-07-10 14:02:25', NULL, '2023-07-10 17:02:25'),
(4, 2, 1, 'Phone', 'General Query', 'Mersin', 'dendmem ed', 'asdadg', '', '2023-07-10 21:06:29', 'closed', '2023-07-11 00:06:29'),
(5, 2, 1, 'kable', ' Complaint', 'Mersin', 'asdjsahbddasdjn', 'asdf', '4a8ae685-8988-4b2f-a9e4-ed1889670e51.jpg', '2023-07-11 10:29:38', 'in process', '2023-07-11 13:29:38'),
(6, 3, 1, 'Phone', 'General Query', 'Mersin', 'Anakart sorunu', 'hatalsııjdasdslamdasdd v', 'Screenshot 2023-07-02 054154s.png', '2023-07-13 13:18:47', 'closed', '2023-07-13 16:18:47'),
(7, 2, 4, 'Shoe', ' Complaint', 'Ankara', 'ayakkabı yırtık', 'ürünü aldıktan sonra yırtık olduğunu gördüm ve iade ettim iade işlemi kanul edilmedi.\r\nayakakbı .... marka gerkli işlemin yapılamsını istiyorum', '', '2023-07-14 19:21:44', 'in process', '2023-07-14 22:21:44'),
(8, 22, 5, 'Wheels or .....', ' Complaint', 'Karaman', 'gelen ürünler sıfır değil', 'gelen ürünler sıfır değil kullanılmış olan ürünler. Teslim alırken farketmedim. iade etmek istediğmde ilgili firma iadeyi kabeul etmedi. gerkli işlemlerin yğaılmasını isityorum .. ....', 'Screenshot 2023-07-02 054438.png', '2023-07-14 19:54:09', NULL, '2023-07-14 22:54:09');

-- --------------------------------------------------------

--
-- Tablo için tablo yapısı `userlog`
--

CREATE TABLE `userlog` (
  `id` int(11) NOT NULL,
  `uid` int(11) NOT NULL,
  `username` varchar(255) NOT NULL,
  `userip` binary(16) NOT NULL,
  `loginTime` timestamp NOT NULL DEFAULT current_timestamp(),
  `logout` varchar(255) NOT NULL,
  `status` int(11) NOT NULL
) ENGINE=InnoDB DEFAULT CHARSET=utf8 COLLATE=utf8_unicode_ci;

--
-- Tablo döküm verisi `userlog`
--

INSERT INTO `userlog` (`id`, `uid`, `username`, `userip`, `loginTime`, `logout`, `status`) VALUES
(5, 2, 'burakbilgin2207@gmail.com', 0x3a3a3100000000000000000000000000, '2023-07-10 13:20:46', '10-07-2023 06:51:36 PM', 1),
(6, 0, 'admin', 0x3a3a3100000000000000000000000000, '2023-07-10 13:24:58', '', 0),
(7, 2, 'burakbilgin2207@gmail.com', 0x3a3a3100000000000000000000000000, '2023-07-10 13:25:04', '', 1),
(8, 2, 'burakbilgin2207@gmail.com', 0x3a3a3100000000000000000000000000, '2023-07-10 13:41:18', '10-07-2023 07:28:44 PM', 1),
(9, 2, 'burakbilgin2207@gmail.com', 0x3a3a3100000000000000000000000000, '2023-07-10 13:59:20', '10-07-2023 07:32:00 PM', 1),
(10, 2, 'burakbilgin2207@gmail.com', 0x3a3a3100000000000000000000000000, '2023-07-10 14:02:06', '', 1),
(11, 2, 'burakbilgin2207@gmail.com', 0x3a3a3100000000000000000000000000, '2023-07-10 21:06:11', '', 1),
(12, 2, 'burakbilgin2207@gmail.com', 0x3a3a3100000000000000000000000000, '2023-07-11 00:03:37', '', 1),
(13, 0, 'burakbilgin2207@gmail.com', 0x3a3a3100000000000000000000000000, '2023-07-11 00:04:54', '', 0),
(14, 2, 'burakbilgin2207@gmail.com', 0x3a3a3100000000000000000000000000, '2023-07-11 00:04:57', '11-07-2023 03:05:11 AM', 1),
(15, 2, 'burakbilgin2207@gmail.com', 0x3a3a3100000000000000000000000000, '2023-07-11 00:05:14', '11-07-2023 03:16:25 AM', 1),
(16, 2, 'burakbilgin2207@gmail.com', 0x3a3a3100000000000000000000000000, '2023-07-11 00:16:29', '', 1),
(17, 2, 'burakbilgin2207@gmail.com', 0x3a3a3100000000000000000000000000, '2023-07-11 00:17:36', '11-07-2023 03:20:13 AM', 1),
(18, 2, 'burakbilgin2207@gmail.com', 0x3a3a3100000000000000000000000000, '2023-07-11 00:20:17', '', 1),
(19, 2, 'burakbilgin2207@gmail.com', 0x3a3a3100000000000000000000000000, '2023-07-11 10:27:41', '11-07-2023 01:27:56 PM', 1),
(20, 2, 'burakbilgin2207@gmail.com', 0x3a3a3100000000000000000000000000, '2023-07-11 10:28:28', '11-07-2023 01:30:12 PM', 1),
(21, 2, 'burakbilgin2207@gmail.com', 0x3a3a3100000000000000000000000000, '2023-07-13 13:15:22', '13-07-2023 04:16:31 PM', 1),
(22, 3, 'ahmetrecepgullucayir02@gmail.com', 0x3a3a3100000000000000000000000000, '2023-07-13 13:17:56', '13-07-2023 04:19:10 PM', 1),
(23, 2, 'burakbilgin2207@gmail.com', 0x3a3a3100000000000000000000000000, '2023-07-13 23:46:23', '14-07-2023 03:17:23 AM', 1),
(24, 2, 'burakbilgin2207@gmail.com', 0x3a3a3100000000000000000000000000, '2023-07-14 00:17:47', '14-07-2023 03:17:48 AM', 1),
(25, 2, 'burakbilgin2207@gmail.com', 0x3a3a3100000000000000000000000000, '2023-07-14 01:34:18', '14-07-2023 04:35:12 PM', 1),
(26, 2, 'burakbilgin2207@gmail.com', 0x3a3a3100000000000000000000000000, '2023-07-14 13:36:13', '14-07-2023 06:16:11 PM', 1),
(27, 2, 'burakbilgin2207@gmail.com', 0x3a3a3100000000000000000000000000, '2023-07-14 15:16:17', '', 1),
(28, 2, 'burakbilgin2207@gmail.com', 0x3a3a3100000000000000000000000000, '2023-07-14 18:09:19', '14-07-2023 09:10:06 PM', 1),
(29, 2, 'burakbilgin2207@gmail.com', 0x3a3a3100000000000000000000000000, '2023-07-14 18:12:37', '14-07-2023 09:12:55 PM', 1),
(30, 2, 'burakbilgin2207@gmail.com', 0x3a3a3100000000000000000000000000, '2023-07-14 18:14:35', '14-07-2023 09:23:39 PM', 1),
(31, 2, 'burakbilgin2207@gmail.com', 0x3a3a3100000000000000000000000000, '2023-07-14 19:01:16', '14-07-2023 10:16:39 PM', 1),
(32, 2, 'burakbilgin2207@gmail.com', 0x3a3a3100000000000000000000000000, '2023-07-14 19:17:40', '14-07-2023 10:18:00 PM', 1),
(33, 2, 'burakbilgin2207@gmail.com', 0x3a3a3100000000000000000000000000, '2023-07-14 19:19:31', '14-07-2023 10:31:02 PM', 1),
(34, 0, 'usertest', 0x3a3a3100000000000000000000000000, '2023-07-14 19:50:41', '', 0),
(35, 0, 'usertest', 0x3a3a3100000000000000000000000000, '2023-07-14 19:50:46', '', 0),
(36, 22, 'usertest@mail.com', 0x3a3a3100000000000000000000000000, '2023-07-14 19:50:59', '14-07-2023 10:59:05 PM', 1),
(37, 2, 'burakbilgin2207@gmail.com', 0x3a3a3100000000000000000000000000, '2023-07-14 19:59:12', '14-07-2023 10:59:58 PM', 1);

-- --------------------------------------------------------

--
-- Tablo için tablo yapısı `users`
--

CREATE TABLE `users` (
  `id` int(11) NOT NULL,
  `fullName` varchar(50) DEFAULT NULL,
  `userEmail` varchar(255) DEFAULT NULL,
  `password` varchar(255) DEFAULT NULL,
  `contactNo` bigint(11) DEFAULT NULL,
  `address` text DEFAULT NULL,
  `State` varchar(255) DEFAULT NULL,
  `country` varchar(255) DEFAULT NULL,
  `pincode` int(6) DEFAULT NULL,
  `userImage` blob DEFAULT NULL,
  `regDate` timestamp NOT NULL DEFAULT current_timestamp(),
  `updationDate` datetime DEFAULT current_timestamp(),
  `status` int(1) NOT NULL,
  `code` int(11) NOT NULL
) ENGINE=InnoDB DEFAULT CHARSET=utf8 COLLATE=utf8_unicode_ci;

--
-- Tablo döküm verisi `users`
--

INSERT INTO `users` (`id`, `fullName`, `userEmail`, `password`, `contactNo`, `address`, `State`, `country`, `pincode`, `userImage`, `regDate`, `updationDate`, `status`, `code`) VALUES
(1, 'John Smith', 'john@gmail.com', '202cb962ac59075b964b07152d234b70', 9999999999, NULL, NULL, NULL, NULL, NULL, '2020-05-08 14:10:50', '2020-05-08 17:16:22', 1, 0);
INSERT INTO `users` (`id`, `fullName`, `userEmail`, `password`, `contactNo`, `address`, `State`, `country`, `pincode`, `userImage`, `regDate`, `updationDate`, `status`, `code`) VALUES
(2, 'Burak BİLGİN', 'burakbilgin2207@gmail.com', 'a8f5f167f44f4964e6c998dee827110c', 1111111111, 'Nefise Sultan Mahallesi 265. Sokak No:20/3', 'Mersin', 'Türkiye', 70100, 0xffd8ffe000104a46494600010100000100010000ffdb008400060606060706070808070a0b0a0b0a0f0e0c0c0e0f1610111011101622151915151915221e241e1c1e241e362a26262a363e3432343e4c44444c5f5a5f7c7ca701060606060706070808070a0b0a0b0a0f0e0c0c0e0f1610111011101622151915151915221e241e1c1e241e362a26262a363e3432343e4c44444c5f5a5f7c7ca7ffc2001108033c050403012200021101031101ffc400310000020301010000000000000000000000000102030405060101010101010100000000000000000000000102030405ffda000c03010002100310000002f3c35909c601aa6040c2a2da04d8818860240da000849821a01aa4c006420281a07160040304a4046409b088c11208a92060a260a5169190034289802682695390911821b223434c50684c040c1302320528c888c04c44304000c22c434d91724446509b84a4aa2c609824c02488b182609809a60984643224a20da10340684304d0098a862218a02004343220178d4218446538b063426d9124889204a411921180b16c126e1265218449a8134032a24822d845b08927111826021845b08b6521b8812291252a527506c92249906c224854a411730812122d96a191124cadcc22499593120582d65815963aa65392525c452ed6677a033ad219cd4194d4eb22d8cc6b6b309b5a6137c979cba2eb9c7459cc97491cd3a81cb5d41396fa92390fac2f25f544e49d64728eab390faa1ca3ac8e52eb34e49d591c85d8178e75c3907591c97d3a6312b6b223150201c49082d4dc218013a52dfd6b3cf4fd359679797a789e6cf4e1e665e8e479a3d033827744e23ec0bc87d9b6b82762a939afa2eb9afa08c0f738c12daab14b5a323d338c8b5c4ccf4166735416977850ed0a8938839950241192431c0989815c924d456c2314b4aa2ba0a51a0a0341944d4f2a35bc656d7859b1e20dcf012ef39c2744e7aae8be748de7343a473629d47ca49d57ca6750e533a87322754e4c4ec9c82cec2e3b5ec2e409d738ecec4b8e8ebae38760e4c4ec4b8a2761721af5ce448ea9c7675ce2c8ebae5a3ad2e444f454f3b3dbd339033d639124eabe38bd77c772f5df1ecae92e4c64ec9ca4bd7b78925ea4796935f17adab3bf1f0ebf2f3d2a021000016a640d3a9763376f599618ae9c1b8cac249c49c459ca110924a1122437355cd42cb08163944460237009464c141836d61214025649344e0dc4591a6343401288046625288dc6656dd92c1741f1df3c9d7db0d0ac0224dc74cb4c7761ca2a46e128a1b40e69cb3adc49442c8c8069c558980e5057d2e7f3d40675c09c880840188609b4ac264a1b3173d42515d799284ea5591244446d037009092c84162aed2b6224a22022a4a2236856e2e07009110938309243421dd9ec9ae8f9cede3e5e8e0a9d79d0d25002e1112b29d35e88d78f7ca98db5f4e24900992b4d2c916e774df667e7d2f8f3c6b6be7d966b973e32f569e7e819ae9b8adc27d78a6084eaba59be8d9e1f4f2e9ed64d679d7ead47328ed2cde25b3d7df195f521e6ebcda3b946f3c92ee8f7e784e99e5ebc6afb3cdf4f3ab46db786f9d4f5eb3911b63edf3ad54f5bcfdb98b5661d1d9e74a47a53e5ae1e89743ae3973bad5a33f5b9f9af3763265cfd4ba3bcf2ee37cd629ea872de4af543ae13db471dd34748d4e36996eeb8ceac971e9cd968afd3cada3a38b86ec66ae7acf9f5e4eb9b2cb1f2d55155f4ce6d8b595c14f3ac1394bd1c6ee7f5f998d63523dde588c220ec8b10c10d263220d912494869a5223b01c469a40609c58080944244652c669128a4008bb464ddcfbf99a2fcf8ea86951222c009e9cba2cf61935e1d73a548df2ac6500e10b4e3aba639f1d5cac7a556bad2d79ad5b282d8a69d56d73f6559e3a78e5aa4a2309f6e326e2cddd4e4f57c3e9cf9b466de7a74dd9fcbd7374b99d2e99a14e12eac3bd71dc1d986c8efc1bf731c0876c74b16dc7c37a963d92d1474559c57751f47cb3eaf2babe4ef9f26bcbacf4b9dd1c1cf7d0942ae1d273919b8acaecf572d1caeaf24e899f672de4d13cf663e9f2fa9b91aaea79ea8b28bbd1cf6d1a23e4ea9cf1691dbc9d5df9eba95de7de037e3f4636e0dfcfe6a7abcaea6e64c9af177e7d794578bd06554fa395dbb95ad75d74e9f3f4c46aa3bf3d5cde973632271fa1e44c2c49b22c5611b1093041222388d3434c00068434c10c22e488a92b1a7288b22ada0100294a586ec5b31d7ce66d3971d800042de370b566d35ebb2ebc3ae54b8adf2638a8825b636e1e3e82f25a40aee29bfa16f0df3ace82e3ae5e7ee47738766fc1e8ccea52d672ea329b69d78d89b8bebcaeeaf27a5e3ed4e4d397a67a8f9dbfcbdaad70a33633c1a7d1cf7e3bf9fcb5d5c9378b8fa5c9b7d18d64df9ba4f1c71f7c75abab4f3d2beacd9b56670fa1e5b3abc7d5c7a6eaa52f2f69f36ccddf9f5b2cf2e6ebd3c9db9d576669f4c6ee4eec04ba9c6dc6de65fcf8b3a9c8df5a2a471e90155d71d2c33cabd4a68782dbc8bfa676599a1c77ab1e73d1cfad81e7c8eaf1f4ea598e74f5c7627825e4efae3916a5fa78d6ef3d29f3ebe5ad75f3ecf473ec7363442adbf5f04c11095486a22c7501c506c589382300062b8b0402036409c01a60244e204ab944727005204294ab661df9e9e772e9cbcfbb880085d29b8968cda6cf5b8b665d63346c86f8b83163a29d1cfae551b274bf3a72dbd28dde4e8c0e1a64399b758cd7e518b373955f5b8deae73aae8748b573ba8659576f5f3a9212cb29d9cb588b9d944ad6d6734099d69a2c6edaa58c75333ab999d5d656634919d6a4525f38c6af5b9436b594e3210034e3534807009c1a04c47168602b10128b24804c4488830645a44a2d58801b88371009452516d54670062b090804d1260e44488e44001310c004d08188920529101344c420909009804648136467009a44a6ec1b66fcee5d7939774d354217509e469a2fd4f5d93662d62988b7c620069a27cbd144abb2eabdd83abcb5a1d2fcdd2c79f1d7539cf56b25f5e7e7ab6ccfa55f33a7964e74a89fbb8d3bf0e956237c5b46b99b70dd95d0aa59ddc6745f650f36fcd2aeb442ab2cb6aa91ae398975cb20687422eb7158baa19a65d4ce9b21283eb8189024953610188464106c06204c10e4b024089322a4c8ab1114d916c48a93a81208a93480ca14d094d112480109b4829009a22e6102c8112c82450c188600949914c134c9d63126221ccaa6810d918c90273a4250892a8ca33961b31efcefce64d793977102a017434e25a336ab3d763d98ae33c26ba72420b22d71f465891e8bfafc4ec70de99465e0eae320e3e6e9e1f7738efb7471d29079b651a32ea70a0cfa7e73662db3538cecbce977cf78cef4b8c71e848c2b7ca5e6aea8bce875c978d2ebbae2cbb0ce39d872f1df5d9c87d70e53ea0b827b66b81f4a69cb9748ae64fa0473def2b03dc8c6f61190d61956b0ca6a0caf4866348b98d2199e80cc690ccb506534b4c86b0c91da8c6b7230ade573e3d20e61d30e547ae27163dc2ce0aef879e8fa249e74f431b3cfc7d046b82bb914e31d58a7363be166134c59a1cd5423641159112230710249322d484e1248d95a25194882654549a4412c8838251553d78b763a79fc5bb173ef1629a401a484a1e9cda4f5d93667d63257adef9e58ed6b8ecb572ebc9251e87d7e36fe3aeb3859f3fbb4d463a3766f4636491e7db020c3b78bdf18a338fd0e2ba7cfe9e35674326c590c0021a6081800a020043004c00000281031904a055f3cad35145b6484ec000000000000013002010ac453139010310313010ad000140000000000000000201a000000004a415c2f13257bcb3994f644e157e815cf9b5e8abd67cfaee50cf297429b9c73ba365635624c2a73198b48136271b16306e0d993667a70706fc3cfba429400b98e53566d47b4b21358a6944c2bc9bb14737275f95bc0255dad7e7bb1e4ebb6328f9b661dd1d14f2d85c430d92e2d957bb94592e99bba0a7cb7b2f861ae91c50ed2e2b3b6b8c1d97c36768e2c4ed9c489dd3865771f019de38b51df38b59de3821de3841de5c20ee9c20ee9c20ee9c167a09f9c67a67e66567a43cdda77dc6400919182da2a4bc42002800098091202012a90218981090c4e0114c40c88488a26458c4c08830000500400002001400130400000885855a5261cfd62e7cfd3e96bd63cec3bd9b58e655be8bcf39356252204316bc7bf3d3cfe1e8f3b9f65192691216734f27a73693da4eb9ab49ca980a1615cec9d3a3338d1d59bae61656ce8ede0cb96fd1bf3a72d7a2cfc435356121df002dc96eaba5cf50dd4eccd5caeb72abb96c2db224848b609482248588ca8957317ac701c77df0759d431d86833e8b0182602600000003110d2ae177b8675ecc9a5664119b1aacdd9f24ce8e48663a545d90db12935534d85f3833473f7718ebe7952555484d5d3e46858d33a4d1d4e2f64e368cd234d74c49e7b82d8ef8147539dd014a324cd375acecad13a80995b2448060283432b981341098395569094524a11092921db55ca8611aaf4ce2c7d92e7ce55e973ef9f9f3a996f3c9b28d535c2e774b9dcfb414896201709cb2d39f51ec2caec58cab9cac0a0685975873b274f365c88f6706f39a70b34d666717c69a02bb34565d7b678b5db6eb9a84a4590e575b995dbb6ab590680608680223a1e7bacd9b6625a932223439e7669d5cf49d5bb8b61dfb7cbf44ec109d809a00000000b87dce2aecd79755ac19567dca28a75aaceef52d31bd955aca4a443011a191721224c20ac083904640454d086086280d1290001163129021a0000000000002500000849a018202806200000050014010a1313157d1aee7c6f3badc948464a5402cda713d39b457b3b2bb65aa5116c131898868216230c3a2473a1ae833c342299d8c4b55e60db716a6d5030872fadc84ee5d4db72c4c040028596ea5a55aa5561d19884a160e9bab212265706c8cebad2e74da6fef797ed57410d1304000005c4edf1575ebc9aaea627232149aa2a82f8c95a9a0620620646b2e122444244592221375d09adf194768cd0359c56765d390e89cd9a6f2aa4d671c5ec2a84b4e58750cd0361c70ec14526d38ccec1450bb8e311d879ef19cee79e8084c60000005086202000430400002aec82792e47639173529c481222c94252cf467d35ec6caed9aae32439d73180000031341240030434a0d50350c1d2182e5757929dab6ab6e58021a0aecc72c3354375c775b1c987652f15f5a2bca9eaa93355b2b319a616672e8242cad9bba1c9dc77c0b91a11898098713b5c55d5ab2e96ac683160d39d2fcf1aaba58d526ba34e335d76d05954245d2226ce674f9c4eb459775b8dd95981298b7622ff3c6e47cef4dcf3645df1cccbdcc4515eae6d753cf742076725194b61a829b4a0e9f9eeb5475f14724861ed515d4c91c92983b54a7531c3293db0b4cdcaeef08f55665d7280001426026421a0000004d00d0576569e5393d6e4dcd51b22b0022731caf4517a7b1baab56b8c92a9c1960a400869820062603290c50004d0da60042e5757956762ea6eb1a04021072a69b7d09c92232c846c8cd4233535546f52e686a4b921b6261aba113939fb799397b698eb3eb1e6d370340c4d013171fb1c75d1a72ea6ac132ba2ea534d75c893a606b8d122e220e312ac6e44093582b0212189a6145e198d225774591937045aaa1da95302a94c000813110045c81892928b926418341271638b600400000099402868000a00040098284e2795e37678ccc1388110b6509e4f45179ec6ea2f6aa5242009cabb0620000014011b4e84c9402800600088395d5e5d9d6be8bec00432df9dacfb95a03480c4509c5a80d4d25252a4d4a94a2b18ce1026eb3f2fbb8ee6aeef98f43737345c800001c7ec71cbf4e6d4d4a709108dad2957850ee2a995815cc7118dac40d20ac4b05256a00188608602000c400000086941a000040c00000000001c880004313a622244193201615b26a2121030000100002109463cb71bb3c5b2119462230b41c4b467bcf617d37b548d08682cae44c0000000043682482980a301a642074b95d5e5275afcfa2c012534a6dea9464cb01000402a8595b5102684c849c65509c153412a6dad30f5399bee7781ac34d0001c9eb720bb564d6d39c26330e3b3b473329dd38f03b661c4768e6e43bb2e46b3609c8c008d3e757d32c79eba8703ba65bf81d13a660e51e950010e01e88e45874ce0f68ae182aaefaa7cc1eb4f37e80b0f3fd336b08012b00004600868000000000434c10d0000206e212700b1408b0ac49c523ccf13b7c5b2b8ca1001160387ab368af657517cd5719444994a488b1c24340000d0c000681c93500500a180b93d5e5b3d4d39b4d8270325f55ad5b284d9010c8a26a2965589a4259d4a3184d4d575979951a964b52e8b498eca2367a17196b9800001c8ebf24b35e4d6d13848c7c8f419eb993ecd299f2f6eb3062ee871e3d60e3f4f44c72412138cbe3fd9f9e3ad8f7d09c7f53c3efdbe47a71da53c3f47c93d11842ae17ace457671e5bce7f5393d739b9fa559d1f27ebb886ce67a6ca799f41caed9b008000000001a000018200062004d034d00009c46201a069224842624f37c5edf112109108885ce32cd95d4dc9ec3564d6d5517100290c8275cc900000c0000001b42b02d600002e5f5398cf4f4e5d5615d9594595d8d5b2432536c25c54f433ce9ceaf5532ad14d935aa75dc94517629639dd456e77dce4b6d46bddc4ea55346bcb73e8a5196b9800001caeaf24b74e4d8d0d3215df02319d899a57c0a1dd2285a154e400340c4484e018886086118d82d44e34805430000004c10001a60980000000080000608000004c4000d002680100008040002000f3bc3eef099ad350808b25172cafcfa0f5fab26b5a9388000828022c1318030000000626ada2980a268399d3e62747565d364a244a6ca6e5b5a6ca8594cb0cf2cf9eb4575db352b68dd1ae6cdf1cdcde9f3f3db0d73ae593ce33b1e69ae8d19f513e7f5395be7e9675d9ae60000072fa9ca596bc7b15b41638c81a10000006800040534031049c1c49020000003428cc5ad4e3682062060200000310301401000100310d00000008000004c40093400009880040200e070bb9c3669525080243794afa2eaf5fb316e9aa14e220400521839d7389098c000000000602b00622d39bd2e6a6fd19b40c8caa9b1496d13731308d37d7378e3ade7a67d3296b04651b9a336bab1db9b5efaf3714b512d17596d67ba72b98727b3cbb9ef599afd62422e5898727adca536e2daac00e7dfc4b3b98e0cdb3e4ee3a4e2d581200029210155f1fabe28f572cb7251d6f1de94d7c8dfe44f77284e5e46bf3fd437f2377953d5d6f1d5fd2f2bea49e2d3e48e9e9a7895edaaa2672fafe33a07a1c1c1f551a6c0004340000c013004d000200040c1080102188189880a014020e0707bdc262a4040912ce51966bb6ab8f5bbf0eeaa538ca26a8050c4537122d7190c40c000068600292883680e674f995beea34059525b1c9dc002000464960a516a645c8e056d4615e6c76d51ae32dd284d1b1d0d172f0eecb11e872fa15a9a7be2001cce9f305b70ee56046792550af4cac52886928bd46120d034d09355478cf7551874d8d3cbf4fb3233f92f6a8c17da4be5fd06d673bcb7b8813e2f703c9fa72479c3d05a73399e9ebaf21e8ee9d788f51aed30f0bd6c0c9baab6000000000681a00013400009a04d00204c13400000080a40470783dfe0b14a6a10049a79b3ba8b97d76fc1beda6328c082800400004a75584d0e00013000001589834c39bd2e656ed19b5116e4b2289a5a05c00002235ca33a2ab412f3f469aa6b9b8bab4e3a64b5d92abe9955f2aa573371764b1eae6c5dbf174aac69f4e0008733a9cc5af7e1dcac0210b999e7a5a510d419ee92a4c201a04c10ca4340304304c4311121300100140000000213456590a1300000000000130434000260002004342001304000002013409a387e7fd0f9e62b8ca308444a69cd4afa2d4f5dd1e6f4ada138aa1a1000000012416b8ca000000006801a60215f37a5cdadbab2eb0942699af526a605e60009a22489a4c5614cb367a38c238ed28d321a2bcdba54cd2d9552d665837c167bb36adf2606b98d03e674f98b0ddcfe82b0437979e775f3e9b3ac736074ebc323a272769a8e2d875972771a0c990eb1835172e44cea1c999d339761d05cbe8936824e0e24194d463d4484c010d00c10a330adbcb5a546400002199f40020006806843220c331a565d234000a9a001c469531703387e7fd079f66a5284001349e56594dc7ade9737a56d3094544021a469a51301a09ceab0909c0d0000d00000029cee8f3acd9b316d5538b2627700000026855ac19e9bb3bd2d73a1d4aa6f9b1db5e3a61aba15c63b5925f285839c2cd626eb7a9aed8cf7c86172080e77439eb56fc1bd5811939fd6aab1e3edcace4d5d96739f42930746ca0aa7a271ced902aecfba98aa5744e757d0b6b85aba5139d3dc1cdea419a7cefa2f34767975f32cf4f95e38eb4f35914dbc8677795d0e31d8c7d1e69b9723517d51ed18638ecae9f33a3c927b205ba3461db1cd8d5459af6f9bf5d2cb89dbf3a6cdb98b399dce16f0cfcfda75216e30bb1e92dbb3ef381a21d0395bb9dd2239b56435d1b79e75e5194bc5f3de87cf335c2718404128b9676536d9ebba9c9e82a8a0010098000028058e75b96d10490e04c13000000539fd0e759b3662d8a34127069294248c0b04d2d44a534271b219eeab9f6cd0b2bc748b4438c80946492946dd6745a4ba721a359626000b9fd0e74b5efe774681a5a617099afaec2509a4aad715d154d99dcc2bb105b9755244724816408a9b2d9c5ab02c5c2ef50799d9d967379fe891c8db6eb3cfdfd2998f9ddfcb268e5ecbce7f33d4e6393bf4e7399776ab28a7a594e2eedb7dbcadf46838f5f6a29cbdbb6934f13b99d6ce3f6f327221e87357165d7b0cf8fab51cad7aec39bd3cd69cde83b8e374eb457574339823dbaa2c9a6bc5f3fe87cf335c25186408251943b6ab6bd54ebb8cfb38972f60a6d24201a0600014011395762b6886206862621801cee8f3eb56bcb7ac9c1c4a509834ec98172268431631b12d35df0c74cd0d0b3d32c6f866d6a7084e213df8ba5d39b246f92182194890430747019f7f3ba2b201401159585a260244800000004d00002600c0010c44002652180081a7122320000080000000a000004a415934440a434000800004020982000010d026950c38be7bd179d6698ca301120920775533d5db4de71e8b6bd4b7abc591e89f3f74d4c8b18000034c2cadcb63443044842800c421837e1ad3bf9fd100760020000000800513891a9e7c769c6b863a38d51cdbabae05b2aac4d3d2e7743af1901bc0d08c40c4060df8172f479dd15601462bb9875b0e7d167427c7da6986765f2e7e43afd0f3be80b04e559f4230ddc5cd677353e216f63ce740d956fe096e8af29d6ab3e63afa399d239dd0f2de94c57f9f9a7a4e6d1c55f6b3cf7c53961e7acf6d86be09e9ade1f46299e4de593e4debd18f199daaf1654e94b0f4965551c63d4e7c7559d1caaa34ebc9cfad9a795be5d19f1aaddab99ba4ab579fee91cd673ebb3ce9662ae99413b30dc7441e6f1bcefa2f3d734c5a843084a12894eab0f53a33ea5e35375164511b2edfcc76fa3b387d4cb4916adc58c01885b255cf2908189d002804861dd82b4f479dd1a01a00200000098454a334a0ea9ba335d9b9775050ce9c22c9a8d893babb6cd1bf9fd0ebc2406b03458d00001837e05c9d2e674964019f0742b219f5b47976bacd4ee0ae37c8cdba80d266d12b1339fcff4014f9ff4c272b8feb51e7e1e8d9879ddf472f3f751c3e9690f2be9e723cce8ee33ccd7ea55956805e667ec89e3bb7d471c5e9699af9cd9d389cbb3ad1394bac8e651da473f60cc73dacf3cfd0413067ecd473e1d5b2b83b76a304b752bc4dfb6c4f37d9be2b462eb332f2fd046cc1ceeeca391a37318c978fe77d179d66952800888301ce133d4ebc7b97899b567b2085a8c8893bf3a3bbafce74e6ba45564b2104840ecaa52da221b40d05300316cc26ae8737a40058c0400010002898429d15e778b374a9c77e6c36d1cf79dcc8520b276d72b2ee972acebc7a6427ae60080000298776139dd1e6f46db65431d37c8c6f6a32cf4d8675a4288ea0c73d219ae91409c0028020d301300104d0d300004d000000000003412130000000200013284030400026105622b24a926086111844608684351c7f3be8bcedcd509d708088b41294267a8dfcfe82f0a8d39ecad4a3aca9c1126a364e75b97a1d4f3daa5ed4f1e99a9916371716b84a59014d0c04c306fc068e9f2fa8005800057cc9aeb99f42005800109c25aeab6acf5cf9b4d1cbad516b35b4ea5384b527c9ea72f5caef47e37b3d33de212b8622180187762397d1e7742d908079b3275279b32f52ce5f4c914d66a3242b718a0740c5a0b0c33362cd7927959a4cb04da4650ccdcd3b456161811d0391d61982074d61da330d6748c9a86b1d49d2326826f9c8e999ae593c28dea0c93c313a05560196a3a0a99933144de42604311d050b0846d89002840008001011c8f37e8fce3340d4409854d039c247a7e9f33a52f231df97455cabd625004921d3942c552445fd3e3dcbde973b6e7568992b29b259898c4e1814b16dc45fd3e5f4c60208a570f374609dfd26ac9aaf160320208c92d755b5e7ae7a3451cfa5119c73a528b491028e7ebc5ac53a32dbb9eaeff0035d5b3a4573d736d390c3bb09cce8737a54c41573fa594bf0e89d68e8f3ef88717bd411cbac3911ec46b275b24629c9d4651d1cdb8f3f2ead2617b235aef25187cc7b0f227a9d18b795f9be9e13a33dd94f33dae676ab9fbfcf7a28f3fd7e5f7ab9fbbcffa04e075f9ddc306df3fd84e4746ad663d3caf4a72f66684b476b91de33e77419fa7a2838fbf2f50cdbb85d727cceae02ce8717591e2f6f907a0d7cce92b00519056ac44149520049a8e479df47e6d9aa1284300ac01d95ce5f49d2e6f54f3f9f560d42313786e2c934c25192a6889a5225af14d7bd6f9feb4bae55ce5b9c252c840da7060df82aeeaf2bab4c8c22cc92a2f5e5e1d5971bee753cff6ef3bc8caf30224924b1ae7567a579edcf8e95c1c71a90a364ab142c77e4de2164656dc5635af7f1a7acfa3d5e4f6dc7a0c908dc737a3caea5cc84caa1a6c25326467522d8a909c1163a2e2e000000000000008a63a033dec2a2d000aaa8d8457361451b4aaac619e8de144ec239eba2567b2c46037a48577b979d2de19b430cd56e1299585b85ed0aec085975955cda1a00001312319854a71588d1c8f3be8bcf339e365404488b01ca123d2f5b8fd65e0e0d39ae61266a24e74340da627164889121039d713b5bbcd7425ecdd8f4cd5845cadc5c4b9fd0c553d7c12ba73e34ef6ec4399512cb6d79cdfdbf3b75cfa69f9b8a7a85e6559e9a3e6d2fa3a782b3aec53cc79d6d8e04bbe388935acb1abb3ca29248a1a90eb60e512974f98ee3575799d4b995d4f38ea6ef29dab9e938bced800000000480168048000000000000002800000086201a609a00000000000000004c10c04d00140000098026800000010008264b085aab89e73d279b6684090192c040e5199e87b1c6eccbe732eec7a9113b1588b1368092069aa6d222488928916837763cd695f4ef0eccea6272b4329af58643542e6852a7599d35c7a728d772de2b2c71ce9eac59df534f9db73d3d03e5f4b3b93b672e75a45ccf4919d69464ab54533bbd998d019cd219cd019cd15d4a1cfcbae5a29acd62cd38ad3d2e9e0f6b1dae13cec0000800400000000014000000100140431034000000310000000d0000000000002621a0029a000004c130400218021a004d4827138de77d1f9ab298b8c2222440b6528b8f43dbe1f717ce64db9acadca36106ec6340302509ab49124e442364122c9901b4975f88daf593e1f565bcc94dcf469e7c37cf553037ce425ac824924039464b3a251302dd8b1bac8bceefe8715cd7a8d3e436cd7a4395b73bd154624e29c0d0349800350e759ab9b037c4759ac0809595336efe6686bd14b99d2e5e8909ca00004002002800000000000865782cdfcfe6e6d6376ae346e7d468f217cd7a9391d0ceef1394000000000000000000010d00000000022988000000048c4289a00208b5671fcdfa4f36945738a4461002525191ddeff0003d12f99a2fcd6242b1a0b26451294642902ce12609846138910106c2b9caed661a62f5cdca2ae5b95564e5485ae024a54bb6d508974b2c8b95741b618612db5c2bc749ca96b71009ceb91a77715cbe9a5e6b54d771e1d39d5ae02cb3e5c379df4c0df21b8d830138849a9175f8b655bd8e25b35e85d1771f4b68189c000098000086080873ece873f979f58d1446179ce2959222124d2b7089d0e8f9d94d7aebbc76e9bf4872f767572095881821a018980021a0000000043290d0000000846814088c4d1268e3f99f4de69284e2020ada7034cef77fcf7a05f3d93563b043b9524964d161224445324805640562120dcac858eed734a4b580691b8d8a28b47091489284eb4d4e13a25954d2c23a22b546d8904dcb4b6e51d6c94ea91694ab2d2122eb3323a75610d4a89b37591824a54ce9ad102bbaaad25283257e6b2cd8e12adbd7f39d2e7d7a8e19b9f6d10f3f8ee7d93f2dd36bac5174ac0808e0b3760e5e5d635668ab8704ae5a4d01324441bae4490c2b9045c52ceda26bd2e8f9e26bd7cfc8efcefd01cfd935601280000000000000009a002ab269242000012018000934723ccfa5f3294c668ac6440006a4bdaf49e6bd41e7f9bbb059070773222d6538165b1104a12a60403622e7acc6c16f949c0b9938858a3288a12c85096d8c45694a6a24a2aaab230a49857746a34e9814b90550d3514b7195a40c01a68728c89c6092c213a72834b2cccecd6669a4dc1a36d04e0ecdb2a6cb2738b34f32fcd8e9080e6a0d296ee87226be9d79d926ccd54ae5c5249240c71408b1a004301037164e20082912ae272adac9c62b3bf30763a1e689bf633f25bb3aef98364d4c0940062062068062010500200116034009a08ca2723ccfa5f36cd319465880404c1a91d7f51e5fd3af9ec1b715951285cb956ea4c649c0b253a9926ad216966f9805e6ac814d5445aa91ab5d4f36c834d1251966d2252831c5845a8927584a139108ce34294084ada8aebb08aa334d252915a60da48e328c1383a2cad834249c0ab275166996619d4aa9a68bf1ecd6652894464e5c4b567c6aa2c735192107111880014040348348600d274d2709a604a2342a6350293520d0201b42ca55b49df945ecf43cbcf3bf612f27be6bbc60d935310ac08000004a4ac40000008010e2d1c8f33e9bccb34c2488012c5a6306753d5795f56be779dd0c1a9184ddcd52188159370984ddb72ad0d731d71ab2b844b20295a94659ca0d6520869828db52924c9090a490222322ea52ae480a4b156248c5c471022dc268ae64aebb6b232154ab9291a6a84c0040122000e507658eb65dab0bb9eacb977eb3b5d16593a2d9659236c31a4a4868408634d2ceb9044620ac891004da0251149313004c13609b050b6255269632684c01a6260b213277666bd6e879994beba7e577677dc31e99a9812b400995101000100211c8f35e97cd252a508430ac104a323a9eb7c97b13ce62ec63ebe7e7c77173865a9db8e3b4324f4ab2b8dd24a276c4ceae919d698cb4ad2972bd02512ba456ec8ac09b8842e2da67291053646aba519237c5292f2a92e650ed92d05a8a67212b8dc8a55e4d67344669557050ae4951a199e36b5a5d912b730846d0a89840902603180012b2a766ad18159d3a28b11a4f24d048532b9244810d00980e2d128b04da01b20c40c629c6421803889491027158b189a634d2b135716924452484165d9d4bd8dfe6a6d7ad7e5f7e77da316a9a92609340084389c9f35e93cd33557384ac802180d33a5ecfc57b5ae561d987af94496b0dc2438ca24493a8a689449424d0a48a6e329603118a62681899160b24322d4c512234140dc889448b68710182a042026adc48942512482acac50d36466312b2b50048c93588d902532a726406c8394a5ae526b156c4aa527730264b0721204d2a8d8102c52c0915596895964489372d6582d458ac4ac5117264549ac24c954271b22e488c2c72d44952094a8695016036222e18824e0c9b835be79c97abbbcd92fae7e6364df68c5a16c411c7f35e97cca549c65911088a400d777b6f13edace3e3e873faf96a63d614a20d4e2441d441c138559b2709d303507109109439424394189481020131800054538c4c8c81328128608920a4d314924b1d628e2009a260389213831b52040213134c4306081911b8b26e04b348b5a1c8ac8031032332200305434803126a8926261283645b88e5160290840868111183042136802440932b24094820da024d604d09b2589225ae52056449adbbf8929bd7e73bbc1c6ea4294004209099b3dc784f6c60c1b79fdbcb14cd6113a96c141244642717434e27040c51a991634a51271900859c65142126464469a94613102520114c40d3042626304d9125046e20d34340492281900d034c1340a4800022c9458206292094406d22c515121486814060801809881a0682949301386e22c9122324860900645854534213001010484d44d00d03710182698d350cb2a5711d8d0a569a895b4699b381dee0f2f456a44b1008814c08b7d5f90e9d9d7cbb79fd3ce9baf58608942d88a2dd919260243040c004d14a2c94a12569a06a4b1008b0b00204e3408189a0c204168128498344aa2848d1212695a041a911681a62a9464800a464906801a04c13103024814108c081a06c1468018260086269919206009a63680924b21009c51b004c20a6aab9081348292060020242060a9c5a26354c517c622c182206270b1637d7b79f4e6f2b5e3e5de234a890560683412956e3b9d2f27d3b8d50ea5dbc71576ab67972db3b39d0e846b12dc4985ed46137a313d6eb11b11956dad289593acef4465a2569541a6094ab6759ddf18a55c8a8b194bb84aa3a05a25a20513b42a94e4545c4b95e9af52b8da452ad2ca8b11126920e684a525ac72488c08ce4b51632924d2b948225925a494ca95914893883681390826b01a869c84388c4c04ec4122249099210d284990602188344260a464aa0a7148b93a829a962e4922e6cadb645c82b730ac902090464954852a6c232bb667a5782de3f3eb0a93cea234300ac0d1a086260e2cb6ec827425ce2ba4f988eabe491d6971caec4b8c1d997111dc7c20eebe107797091df3821df7e799e8179f677e7e759e89f9b0f48bce0be8df9b13d23f341e94f341e95f990f4cfcc87a63cc07a83cb87a93cb07a95e599ea17980f4cfcc07a75e64af4e79813d3af328f4d2f301e98f3247a77e652fa57e643d39e60b3d2cbcbb3d34bcb87a97e55afa77e59a7a77e599e94f3493d347cdb3d1d5c10f45679967a47e6d2fa27e783d0bf3ad3d02f3e27a15e7e4779f9f75e863c072f7a5e7c4f42fce35f40fcf24f44bcfa3d09e7d9df7e783d09e783d12f3c1de97011df3801df5c10f451f3b25ef9e79a77df9f0ef9c047a13cf877a5e7dcbdeb3ce33beb80abd04bcf07a2979923d0737029ab2029534021800560683440050d381343414d0034434c10143443430103043114d043103043131340c10c4534d4310394401000534000000000000d0313100313804c000043010135624490009a0095800d14d043716000c40dc5a3694b222c6e2122212400c434310d53103103110c4c100c400824458d00d012403221251631307162631271092915b60002244520f4040000050000d000000c400000000000010014d04005000000000c84050043100000034d001400000000000000001031030000400c40340c40c0100034005000d043103131898c8b249100d0c018980d0081b400a426002634e3002a25163130524271638c811240860a402602532249038a2487026a80434d8805fffc40002ffda000c03010002000300000021c72c1325470aa0cb1b3d7d7d8c404d3869960cfcdf89e2ef0923d68f7eeff828aa91e2b24de78298ec908a4a98f048b22be72aba4cc58ed7bbf0071cfb6aac582430ebebc0a12208d8ee24524e8a9a7ae4ef91b8992bfe3a2ce439a78a8e4f908630ae7864db4874b448a82a4d015ab6f5eb2c14799f9d3dfbc6b3d0cca4419ebb288fe816386029687d4007b5f2c33cff00c9f6f92fd7d59a4cc80e10c3f5f3cfa3480cba5cd0be92e8e5ee93d67d694fcc639940eba33a510154f8a940d608c0882b836e0db525389231cc342d6988c76151ca6df73edfc4a0ad9c6338c38b5463a145a25f6b4db87119f227d2093c49ababbe1aa98525e384c6eaee37b653e8a1f6a3c112c14e3f3f3028d288f730b5f909cd93b40b2ce9d2c5b888d4d6ea7ba9e187cd0630255f6e32adb1c2813439615eca46c8e2ac7024d9d962181d37573d568595c2e61c33b756040d33fba4a1d070ec5f7e49dfe01962eb9be524fb5fbfff0089e1be54391a0eacbe2404988cb1838a236d98d43dccd327e7ad8c36b122b2432955c3b9f08e9a1bb1b6337bc77f79ff00980e473cff00877321278b5cfa80d0678ced964314ab49d39c3784cef689b674e7570dae3917adfe3fb7b9740fe91f206fed9028013170e35560a067adf68b9b01e3223f894ca16a56ebc40b2fb1e6faa2da142afedb553f5cc70c610a6231c7cd2f3770e4b2918fa902e0942c17462f0be0a430cf3857a9b8703715f40525897c7924e5f3cf622c6f3fe37b09a1200d9fcb0047bbf0a101b2d207d9abbb16067fb932c2d69a4e433b022434cd35e38d2ca2c00af35d7f5cbbec624c5660eac8f60a3df7af21cf4f95f8bdd67190e6b6e9344dc1fe9ce64d7bcc69512c34d29a20e309cf3230e2890418518490ce30b3cf2c27bcf38c30841175f7d9718c1c9b26e0bf64ccc35d8cd10f70d29819101815f95c8811e2f42f0df5678f7d4961d93d7614d5797ce014800df30e3cdb4d29f3ae0104d14117de3df770824b6b8d9ef50c2f4fb77b714c89aa4b8e28fbfdbd8ebe5843f9efef6c232ccf229192cb0c311939d8cf868a2e8da44b2fbb4fb2a92d9e7e563c93870050c500059658835690dbd5923f20b9395173487389e7656ececfe6ca61ec0224640e3280241041ee125205a3909b2e87cc3c6155d309c43e5194df5d34e0825a2328f043bc28e8efc80d94e6cdc9cd7ace5b6553940d2520cfb31dbad42d2cc7b5084107b51b792520412182192701182fa414b191d71f7dd703ae1bc002018e20c9c03e9bdfcf052ea7b7dedf3f31a4fd1c2d540d37727868773f6d3a75af2c9776bbb506d8e9b2c256430bfb02c86c8e02493bc721fbe754820104b4f025a25c90328b7bfaab9153acbd7c235272ff00472311235afe1f75206937b8b279e3e85b2d76c59780abad2cfdaaddae38a1ff004f4bff00f616021824064a400c438420f0bec2caa5cdfe26e14ac70d3a7c2967dd3142fc41157225aacfbeb789bffe987f68b0b1fe69831cdfcbdb6a8e382b88edf3dd4fbcca334c20e095f6bb208faaad82d730c78d51316c97c01597c106c531455f426ef514fada31b691c1848dc318bdc79d78e7fdd5304671b61c1d6d741151d702009161dd40c0bfb56298b8f7f76cf7e2eb480b05c149100218bd294e4cff003df3ee68b60e75812ec5d9a8d04129e977853863c2c3b5dd7de5d049b55b462aa28297040ca05a85a72ef3fc3ce35bcf28ce954d1b38b58a71de6ff41c57efb9e39af1b65365565cb1c718a9bb208eaffad304127dd45c619793739c26b298282c0b6a9a16a4325c72d34c217850ac0c368db6717ec0e2d04a17ff00be83c04a1feee4bfd44919df7dd4a48f3b35f7770e4934556907b2cbed308af9ef80f00fd9eb0b98c237cb8c5fd2dcce92a7c27952ab6d44dc903fa98fe96f8145d0c45fe4e908ba61cb4e94dba6357369677fdc6154bbcf1e39de2a01a2ce9c86fb1db49843f33e39db0a7bc1668c5df1cf1ef34225905e8913ea0ffe8265523b03f4677964628a0a2284461c7ff6ff0075b6dbef5d71fa9befa85bbac15ead3230030851b4d7ff00e2db05de1ef39b4cf01d6a90d9bfa8cfe49c5773cc5bf42c1510c243b0ff00cc180169514730c1473cf70ef1fee8a28e796556cbe2e1830e04030ad3cf70cb2f4c8fb3cf2d6a55faf366c39897ed513d4ae7595d319d45424619863d0c2047048ed4f3cfbdfb4d6fa6292d34912cbcd003d34dc2354328bd6cbcd3df264ac99d7d76f301bcf5d6ee5ce136d8c35251b407b15b1f8492ad235d5e38dbaf7b4df12152eb591a03496d92905c014ffe472245f79c913246d38c3285335b5f0506516afad06d6a8de3098bd0d8bd7a4a349092ff00fbdc4e09052df4f7f7bc0c1fec27fc03cb65371636a0404dcc1e52c81bc34714231db9c34449eb54554947ea1a3ab11338c0097c0069fbadbea15b9ae828dfc7113ac3cfb2eb8f28c220340aabab4d3ee7da0b7e3a1941767c0cc71e629c73be3c15b8041165c31dbb69e9c2d2d3cfc37f48a477c7eebbf9568118935b43116559261e167d8381dc52a88eb245e3de89e00e5910bd98bd4a4532e2edf3fb48e11371472932b08ef2e56b5df7d9f191767967dccb8b35db4c72edf9dd3d7d4420d2842015ff004dbabb866537d28f03adc58cf4df3f1c545f030dd44909c04137cf5ef02aa74a44bfff00ecbae5c80aba24a46f076822d7d1055bba3b6b0057808345c12c436a18028ea8da113ec953299fa576aea56fbb165906ad38a9ae005ad6ff008a04e834e09b5b89407fe838d3862c57b3fbce3f9acbedd7acc810a00b14b10908480724b2a72bc4fe7e5336dfa13f16c48e3f0691823d11221fe69df2d27111a56b5ef25d5670b2e26aa2094ad3eff8ac79c74017ba4e84f362a1f55100061e934fa0180ec25e9e71fda8d459d66456bdb40c9dfaea25ac55635285b708ab8c9d86dc4146c10c73c30ebbac80ca230c70e2043de3be3f030a8147086697b4a98fb274c7e673632d1d33df86cf92fc0f7f87735d44a30bb3fa47ea4539327b0c4047fcff00ff00ff00f653080843a85bef3cb8af92c96b3cb2053cf24f5a220a7e3b1db23a95f38b39d77a4538c121da040dcb06eb5cb9a5cb7f30d4a75bb32045bfff00ff00ce5b2e401867bcf0cf3cb3c243048db8420310e181181c79063fc0406c56769ca1ba0da1d401f9d6b6e6b6f73af3bc255b059f4c18f5d7582210415c320b2084010b651e2c7da70e30043d3cf0232cf1414cd2a760e41789b0ac511e7990e347e2a3a7f0ab3c0833aac6ba0b6f62fb22ef18bbf403fe9080088041b8e2f1648952ed2d23457590f5f0c2b080400d72c069f28f2a9dd8bf1bfeb39641494965f22cdcea69ad452228be245514ca3b2ad604982c6dfce33c7c09defb2c7dcbca3573771e55c20c30fbcf4de69c4104c60e0b814c8d61aa10f5b0b45b0ff96479017afcf3e851871042df8c065ae0954e993e9c665898a1eb9da7b22901d779ff000cc30d0e39e31cc61f4d550ccac9aa4517bb7a740af8e80aec3d19826cd3436d0a8a3dc750373b70cf6d275dd82247668f1ee7b3df765aaa693f8ab5fedcbf96f4cc34011f41164211a7ea95f04c5416e28ff10dd74120f6d8e98f9097394e7c5f6c05c105577ca56d19d1ae971dbb2abe72c25ffdc29e71ee8c79feed8b65d3c728f4070c31ac16f8283d10816546d2823d985303401a3edcc062d3fed011e9196f9aebe4ff00ea7a989c7ffef59f5f3b704e6adc653cce41d381dfc77451231524911d82cbeb0b85f1f9369ee8ba976dd68f5658c6c79de335e25dc139acd77e2cb2e9d6ae481cb5b0128ce5d086d1a849981077f5eba184a3eb0174ea33107c33b43ca671657fbd56010bf38d5cee49138ac4ed80a8792c6d1cf90e32c38a999d7c4fc3349e52e78729f9194f0c5c9612a9beda23ef469dda0d2e2debc382e907f43fb8116e400a35e57fc4a49a00cc08e084c679e063c415fb1bcc7ab9d8476fce178e191cb1f0beb976ad5782cfe38c00084e96c57efa66c33c0853d70f25632121bbad1ee0fa50a950d4e88aa66be327613f425404d1689a230d5e3ea6c6153abb6a975a87a20d1917cfd1cd423cb754fb58ce31ff00f2ceadf333d48e7b9dca3272a216ae4beac4bb2f6632ef7c645401641f4b048133c86ef0d8738a341171d4d93deea45fe7ebf12118ff002e5fa5a192bf07c78aa8f4410e94052571f32cc88bf2c2ff00bd77f90efc97c41175fc6f91230239615af4f74c2b5fbb5a86c77fccf78f9d30d4bfad49bf397034f49ee83f2ef2a59c72e4bcb9ab8671eb862ae18c58e88ef1cf3cf38b08f1aab2da76867bf18201a630c215aa89f6224b4e00f9af8cf8478e40cd9820c1e5c08cfa3bef3cd3cf10f3453cdbc7b4f3ce32f3e3bef96f2cc3093cf3eba20fe3ae383fb6f3479e69024fd86afdba8ca2706f26314b3051845964014fc6d84cffc40002ffda000c0301000200030000001081f0eec3daf840ed1249e00ce87b2f5f3dfec97af3880adf03e3d4dc769343a39a2b289e0a265c386884cd2e473302858088a838467bc56709882fcb352cde73ce221bcfbcd4a3634cf0f39b8ccf342aa72f5b984e77f2f821ec4e2e7045e70ca72aa57eac307da2872b41b1aa6bdd3ae41d650f1c88f8f657ff00aaf5f9568bacbab8ade12b64076da7744615a4954f13e7a134f6cc6d760d67ac62ba7c15475f6064f546efaffe3fc8e483637eca5a07fab03fe88b839294697c89b8ce9d74d7b258c6060fd553ec594d31c7a3ac07a9a34bf7f6e3c878f6f07d22bcd9023d1288a440f5b4608c916e1f587f8e6604b456d93e58c8ada72d4384df5f92ccd3f5e4b86eeda4e1212fd867f771e478e5e4b8b6fac2f15945cd4a5e1a0ba6e343101db6e545ee46bc38f11a024aa4f90cfbc3678e9cc67ba4c07a01ec545c26cbf176d6faf53c5732fd8dad4293a4cfbd89da817e3c2234ad8d80046b42ef5501387560153efad4b09512b2c9d7c228565e1c3896ef868ad13d4ba7eae0071829a33336e5c9ba044f519bf9c876013e3e83ea804bf949aa8624567ef5c3705c4be9f23a3a714cc657f1b326c40cf69e0945706302a7ef2dab0fc8c1b02fafb00f4e58d33ee0807a52b796abf3bc098cf1b82749cfc450f1e1e83281f079e989e0a298342a7cba703e3611bc9b3a5ec7781705fef0fa54c5369955a0e76aa6691c91f803482a4be7c7d803c4418bb6929b260c4327fc43bceaea9fcffbdf7dd770fb32883bea72d2855cec4e139861bb536d2d44bdcae2829551cd29857265e8f6dcf32e28c92a6357720283fbe2997e3e249aa07972bdc5b8ebec6d6a8a55c88bea1e1c9988e527918ead46b37200dbbad258f9a63a0fb641b2410c73ec70928e30b7cf2ce4b4b0d34d201175f6d27ef784ef6478cc39ebe3de97f378a3d239277ba012eeafa3e55b75d000c7ac5aea20de2eda460f3e22966adcc151cbbe41efd1d894f1782cb249775c3d66be21e7b39456eddd6ef4d32ff43097f7569a9f5defa5c8c95f6ff69c2c5f2e745af8856c536efa75abdf6f5305f94a697ab914b26940219034e1c79c5f55771bf9049e5cf3f4f83685c3f4648cbe99bceb52fd4af4f2f74ff6eb3ee55230088eb4c22cdf87e05d0596edc56a7dafd2ca8ef8fc930c4af1d7d249052f87d61f516495fdeaeaf36f2a442e774bd26285f6da629341ed2289d16de73f01a8e71188ff00ae8d0b44ba05bfdd44a9c5fbacef265cd21fc71859e40cb6ab74810593cfd6dfcb560fee9281584ffe4d7bf1955b9443f4c85612b8b79d48613ced6d77b6a9dab0e9a34449f9f75785f2d9fdb5dd8d8793862c5dc5fc0fa51c777b2c7709b602d2fcd94db1f155fc7115cd0a958729781f375a36f3f92c89b012eeed58f6da69b20fafd8bd94e63109aadb2cdf7522e89aa0f3abec575fdd7df740ccc6cbda8438032549695915702a9bd6024d39f2c59f91e080366f3c7ff9d9184c768bdcdacef3bf65f8419c658ec360560ed9cd7dd6495d7045d752ed2cf6cf4a98a7e8d0570bdc65cfd3d79c0d510718aa0479691a1bd6f0f2c3c06236185d524b07d0d93ef7a9cb7ba0da09d41851f7df79d3dfcd45a34ae47cf884a155ae024b4d78eb18c8359a27621095174d4af80bbdccfbebe3c78bb6edde122169fc4c54b5fbbc4c68947d3efd6565527fb41e1d1f3f745f27800bb2be13f491ccf3651b05106d2aa53532279597bf4eefb2af4f8fcf052bafbc73845716c71c1f0bb0f2dd7ad10d9c69a7125dce74508b3cff00af85720bcc1d73f75fc77dcf37814c522f86f4a9669527f091a4a6c29cb22bbbd283312feb974fa9ff00f79d3602d934793ccb61765255f45059f66dd72fb344d8efdd3a75e5c5347526bef2fcc84b6317d4fefc30d158ea5fa8b4af1bddc4a14eaddf947a695d92e0b054b6566c34d56773650418dd8736a77fda80349c388a12492c91855d14d934cafadbee40054677da443369d527cc0af80fe877c3fb503109c195674c6331ebe0c03dff001775853ad33ff1f3af30e5344db15de83fd492414530df05fa201a28de04411fdf6a44922153c37373b390ca4308b7e211450657ce640325dcdfd39c1c7377d05b2eac294d7deb1fd3a5fd23cb365b7dc551a5f697631b6c634c52553a101835e390d23d6f74a16dfb8fb69485704c71d2cde13d475461e8a013f60836309355c9fd5fc2ed5b2bc4d3106775551bd2a65e5164cc5fa89000d59992dce879b2e73c3d8fff007a275b1be327e2fa61c2bb3586184db4fc4f00e95208519c3f399fbf2aa39b53a4f6926124100189d6f19d1c196edbc2f606b0acfde3064a347921aed1c533e0e20e5cb55b39109230223b1e4c19570b35154af9f9f915558853c91c0f6fd0de6f6b53053d463d99f9148a62ed8b71813b6edec90d5ff8c9704c66e284acbc7660404ed327c16f6fff00dfcc53558ef06304d4374fcb71128d59360e261d18c943194dcff030ee148034de0db5da5e98615d00734caea54a4f740af40e22dbb475744f3d1aff00790815981620ddfb9a945f346a2cc5e0231b597fa4f44c810520799903387040cc0c87eecf6c4f801328c39d41cd64b87905b0bd8b3db29be5bead5b419f6f00ca24aeff002c5d5af09866adf3b8a0720288183054ec31937a9d59418f4c4137843713c3119b5ffb8c237b31dd031e1ca9a56ca1343453cd2077cc11e9a018c2419151b6956d377c470cc3b032e97297a6cb894e5fcd046dd9465480a17d5c1d9752006e67fda4b05348a1f13c35056014f47dafacdf9c27ef6d6e1cb854047a022564975de490d0cb4077bbe7f9ab011ec6ae524461bfb85d9bdbb73f65b0b3597222d19068514767d331fddd9f8622a8615842276f8173520ab5838ffab01f73e4907c9b351273b179b48d0b63a8177367782d09d1ce7067332546beded9a02ee1d2e01053f230b08c32cf78c50e3b7932e50677fa9ccfc827c65664f4bf4b404023a0d57ce05ac5c3834a7099c5dda97ae6feb59b962a806ed6c9ed0f3bf9d4b3cbccc7b4c1cfbcb604736b475dc577d079cd7241c6df4c83c15462f4fc1827d299e983c09ba27d15d74def1a65518ebe869d8599cd91cf78fde618679abd4714f2e0c8e1949057f4df7db69db1ebbde535de5195d140deb8763d4497687c796f871077b57647462e049049a2f7d294735185dcdadf0ba4ff006664bab38cf0cc432bcaa69193b050d94d731d6b0eb25db60e45f7e21947106aa830b71ab52afae01c042f9f0afe00a9013781f4f14fea2b67a7c8d96e3ca7bcfa4be1ff007170cb7167ed217e35f28876a739f957904140465047803ee525b5ea4d6c9fa2b131c6aa34c4d49c909d4ba66e4cafc74925b8dfb5767f9ccc6e2d0ea8eff506870d7f49d6b128282537c75e1d7d769b4da2ac324e2fdc7feb4b230871c14657a724ce3649cfaf2a3e7db7a898498125da2bf0f2fc0fb2da3b0e820b33c91521e104172f4f3f4dfdd3c8711451961f36ccbcebaa69b0f43e29aec4fdc4079f33badd9ab9005d9ab095ce07deca55cd7ad87f80571a850e5c3d0bad7bd79c3ddc3685d923d4f9fb9c240250872c0ad3ed990bf1c1e7106d375360feb29fca57d7174ed53c22516d0cf68660888255eabf5c9d80a657fbdba283afd5c3af74c214e336576780c30b8a264307f165cfe49e7aa6c7dd91d73a80d861ed1771a264904ac379a17351fbd720fc04a542c6251972bc4f44f5f324d764f3ef5d6b6cd1ee57079e62e8d73cfd128187d0ea4228adf5fd9eff00a699c206fd5c180551a9d36f71ea67a5fa5ce304fa11175109e4961ec0355ea3989852446dedf75b4c1f0acd67bdc2009a855a48cb653146625386c1e3b36f09c3c2b5fc83913aa2a20cb75378a4e9224b53b4ee61acc4fb417d279526ee1c497c938167349118133cf18fb0e7cd669a76902243d0e4be0a40d78161fbe17c40c7812995f5a286a54b84d01954c95f9a2edcc66ba185ef51d5bc58aaf0fe1b83b11afdc3408394059c74ca51321d2eaddc59adacad7fb0d8c4474dc2597e346ccf8ef5448cc5051bbb901ddb2d61ea22c5a8bee2e0335d734bdfdabf3f58dd1645abc9fbf78f00439f91a57432ca6ee5f16a597855f22ddb7516dad76c788e38125949fdae1e3534571c3be674079cbd5362a9eff9e794473a7ec702c785b3b300ccccc28af32655bba8657cdb0d55b84d7bf13cac744ff693c200953d7d1f2dae7d18839f1bb24d097c9450dc77f472a1c417c00a32bbbe9a59387a8af5b4060ea32c947264b0bbe98e43e9b27bed88d8ee3ae38810004400f3af041215ac019db20129f239f94c9005f0aa0c00a0a986eb6132a4dbbaba561abe10d22a220c10412c008f206a438812cb0681e9ff007f763430c62c03e9e303fdaa1cceb3838f8eaaf95fc9a653707bd49f2bb095fa9e58522b38754a470670ffc400381100020201020504010303030303050000000102110304101220213151051314413022326106527115404223628124334316253491a1ffda0008010201013f00dbeb6adab6a287c896f4b6687dbf0573d7e25b75dad6c99d0e896d5b219487bd15bd8defc3b316d7ce9f4e45b56f4b64af75df6ee3ec50ce9c94b65f8ab6a7b753aee90d743ff03bf0cebe0ebe049f8145bfa38249f62a4d763825e0e09781426fe8e09783db9783db9783825e0e07e0e17628bb670367b6ce0747b72f038b2994fc1c2d9c2c6994d3da8bea54b74991c6cf6ff867b4ff00b19ed3fec62c7fc0b1bfed3d9fe0f69ff611d2ca4ba44f8f2fb823e3cbea27b327ff0011e07fda7c77e0f8effb50f03f02c1fc23d8fe11ec3f08f63fed47c6ff00b51f1ba763e32f07c647c667c667c616987a63e31f151f151f151f151f18f8e7c547b07c742d3a3e3a3e323d842c08f8e99f1d0b01f1d793e3af27c75e59f1977b62d3af27c68f93e347cb3e3c7cb3e347cb3e347c9f163e59f1a27c689f1a22d3c4f8e85a45e4f8b1f27c687f27c681f161e58b490f2c7a58793e2c4f8e87a78d12c6d7d1254f6ea36f646385b238a292ea70a48a4523850e90f2e38f7921eab0ff007a30eb70aba9a3894baa68b5b743a6cd9686d1684d17b5ed68bdb2e4863839cbb2567fade0e153e09d395762335382684cb3519e3831ca6d5d7d1a4d5ad4e259145afe04c6d0fb0d8a9efc48e35e49cdc61292eb48d16b73e7e2e3c7c29338d7914d57738d7db471aaee8e25e4e35756acc939471c9c7ba5d0d0ea7519ede68f0f5e825b25caf917275298d6f38a68c98da6f7a89d48a661ee23eb7cda8505d1f5273d467aab485a28bfdf26c7a3d325fb47a2d3beca8f8da8c4af164bfe198358e350ccb858a516ad3db3ca50c539455b4ba19ffa975b8e4e3ed2547a77afeab51914678928bfb46b7fa82509fb78229c91a6fea5d4c33706a31248d7faa3c5a359b134efb0bfa8fd49ab8e252ff08d07f53649e758f3e34afc1ea3eb1874b853bb6fb23ffa8f5f7c6b15c0f4df5bc7abc6dfed9455b46b3fa933bcb286085d334bfd41aa79a38f3e269331e4b8267adfaa67d238a824d3469757eefa67bd2c71e2ae2aae87a77aa67d447336d7456887f526a21aa509d70dd33d4bd5f2e1c58a7866aa46a3d4b2ff00a6c3374e26687d53519b4d99c6b8a3d8f4ef5cd4e4d5fb5964ba9eadeb19f065863c2d5bee7aa7ab6bb4d8f0f035728f5661f55f5ac91e28db5e5221aff51c5a0c9972da9df431faafac666fdbcae5fe11a5f5dd7e3cf1c79dda6cf56f5b961508e1ae2924ec7adf59515923272bfa21aed4cfd3679251e19d1e99ea1accd3ccb8eda5d11abd5fac61c8d4f24a37d8f4cc9ea737c73c92e1a76ecc9ea1ea19750e18f23ee62d3fadb941bc8dafbea7aa7aaeb213860c6e9766c5fea90709e3cae57fcd99755aa5e98e79138ce8f41d5e5cba892736d176bf12aa2f6b3a6ef64b6cebf51f6f6b111ee8c3dd89f42f6d4ea385527d4c589ca5c590e2fa4713256548592489e3c79a0d4918b2e4d2ca30c9d60fb314ad2698cfea684232c7514acd0c211f4b738c527c0fa9a0ac9ea71e256acfea1c708cf0f0c55b449ca7e8dd7ea4693d432e89e4e08da6bad9a1865d6eba3249249dba3d7232f92a3e22a8c508af46ecbf61e909cb53382757166a341add2e796482ecfa34693d5b3473a59f145d3eed7534f9165c3092ecd1fd516a78bfc1a1b7e8cd7fd8cf43eda9ff0007c696a3265515d55b326a32bc11c73b7c32e86757e87899fd389359935dd9abc7f17d4789744a766093d77a9465dfa9fd4aa4bd95f5468dfaa7b4bd88cb83ca35def3f4a7eefee34da8d560e39e05dff733d3b0e4d5eb13c93fbb67abfa62c8a2e135695559ff00dcb4695b924df47dcc1ea12d57a6678c9feb4a99e80bff005b2ff07f51dfbb8abc1e96afd395aff83258723d4f0e29549c8f4fd1ebe19e32cb9ae2bbab3d5741872e4b866829bfab33e9f5fa492fd6d221adcb9fd33271fd23fa6bff00cbc9fe08f63e845f3ded7bd97c8d9995d128d36b6a4223d5a317ee176db24d422d98ff00ea49e491c57d09e4c78a372746abd6a38dd43aff0024fd7f55c5d1a34debf91ca2b245331eaf066e965d3b44e10cd0699a2cb2849e29ff00e0b3fa8b4d9b2f03845ba3d33149686319aeb54d1adf4bd568f53efe28b6afa51921ea3ea19a2a789aafba355e9f3c5e98b14139347a67a6649e3cf09e36b897da345a6d5e8b5f1ffa5271ba747acfa54f5308e6c4bf525d85fead1c3f1963970ff83d27d1b342192793a4df633e3f55d1e6934a52ff00fa8c7a1d7eb752a73c5c3e5d51a4c5ed60843c23d73d3b26aa119c3bc4c6fd5b16078238e54df83d1bd3b51870e59655529a7d0f4ad0ea71eba6e789a8dbeacf55f45ccb371e1839465d68cba1d43f4986258df127d8f40d167c0b27b906acf5cf4dcb99a9e1c6db6bad1e83e979f0ca73cb069f4ab3d7b43aad438fb78db3069fd6b0c142109a48f8fea397d3e71c906e4df44cf49f49cf08e559b1d292307a56bb4dae528e16e3c5dcf53f47d5676b2e16f8bc0fd33d673562c89b8d9a7f45961d0e5877c933d27d2753a7d4b9e48d2a3d67d2f53aa9e37892e88d0e932e0d1ac525d7868cbe85aff7e53c6aaddf731fa47ab2c9172c92abf26bbd033cda9e297eaaebd487a07ab64c953c9fa47e8bc1a096083fd6d7567a3fa2ea3499e73c95544515b218b66c4310b9dadf32a51ff24edc9891d4b21dcc4ff58bb6dabc8dd43cb2aa29129282b9743d475d9334da8bfd24e5dd1a4f4d9ea136a48cd827827c2cc59670c31c96d347a76b56a70ab7fa92ea88c9c648ced4324322212b8a76349a351933e3cd08c6514992d4c17492baeec5a9c293747ccc15d6cc5971cd5c50b2dacafc0b5705d299f231717644b538a23d560aea991d5627d1418f56e2d251b56435109a48514fe8513851c2bc1c28e047094bc1c28e13811c2ac48e13823b248a5b24bc1c038a6525f42e5ad96e8625b2e6435b66ec9bf24e573659d0444c5fbc5d86ccedcb5090e2fc1ea8dfb2a2afa91d3e9d7fee65ff00c18fd3f479a6d62ccb8bc11c5add136b1c78d57d1f0f53a9cbc538b5e4d7b863c71c50fa3d2334b1eaa2afa31272a66aa3ff00a793f0695f1618b11a8c0f2648497d13d2e6b69538bea4749251921e8f2cbac92edd8d369f2424dca92f03d3e6b9a8d70c88e924b8bb75487a393beabb0f472e156edd8b492b4e9773268f239a6925d4f8b9234fa3a669f13f7a527d8b48e22cb2cb45a2d1c48b3891c48b47122d6d6b65459659dca16ed89fe5ab2b768cfd90ff0073dd50998bb8bb0cc8f875685fb4f579f06352324a4f236d98f24a13524ea99a3cea7a65393faea7a87ab7eec785ff00964f24e4fb9e9eb8b538ebc98a2b8226b2969e668e4a382099ee43c9eec3c8f3c079e07c889f223e0f928f93fc1f20f90cf9123e448f7db16467b8cf719c7238e5e4e297938e5e47925e4e2671b38df938d9c4ce397938d9ee4bc9ee48f725e4f724bec59a69f73de99ef4c59e42d4c8f92c5a962d4a16a227bf8c59a07bb1f22c916277b3e5a2994c48a1adf51d89f7e45dcc6d26fa8b2c12ee3cd0fee350e3efc6445a7147aa6079703afa33464a6d3459a6d45e866977a3249feabf22ea7a1e9673cfc7c3d22417435d5eda8fdb647f4c12fe0b7bf5e7563d93626cb1573f529ecff076fc5c52f22c9917d8b51913fdc2d4cc5ab7e05aa8fd8b51062c907f629a2d73ea17e926bf51474d977449f52ded92368d2e453c75f64a0a49a67aa7a5b53e24ba3351a78c1d459a3cab1dc24fa333e8273939429afaa34de919f2ce3fa3a5f5343a28e9a148548cb2f773f4ec8a28a29091c2709c2709c2701c2709c0700a070890b91a45f252d96d4b6b16f457e07baefbdff22c935f6475135f64757e511d4c1b1644fec6d3df50ff0041376f9112efc8f8b0cf8d76fb4629c724138bb25894953a351e8fa7cbf54c7fd389bbe3469fd1316195bcb2660c5087643a46af3bff00dbc7d64c841422908a2b7ebbd8996855b74d9722fdc86b645145756791885dd9e7674781a28ae4ade972b484914b9d649223a89a23a98bee2cb07f6676a48687c92ee2dfa312c985f163eabee263d5e39f4ba7f68ee871927d08e37f639c31ab949232eade47c3853ff263c4a0adf593eef642e55b3dd76d93651f5c9f7b3decfbda8a2b6a2b6ebb59659684ff000da1b45ec9f25adac53698b237dc6d8db3aef25d45bada78a192b8975f22c3963fb350ff00f235aefacd038356fbe78aff0002d345fef9b90a92a4ab75df7ebb32cb45f256c9adab75dd1f63de848adeba9451434514328a2b67ccba95b515b75dfef6b7bafa3898df24fb8bf2aee7d6ecb3a8ecb3890a48e3148e8572317ee43fddb211d3a9f7c91fbb3a0eb65b365d88a2868e128a2b75f62d9553da8e9b3da99470948adba782d6c89f717e464777686c49148a1a1a16f19313ba13dd8bba1fee7b2627c89d162e66b65f8baf234ceab7b2b97ed72aee89f717e07c8c8eed1c3f7c8d0d0f6b109d106316cbbc497ee623844b77bd97cacae6fb1f251456d4709c2868a2b97ef7bd97744bbb16cff1aec7d6df6cfae464868a285b43ba1b16df689776262ea514d891435ba6c5f8291450f91fe268a384a1c4a3b50d742b644b77c890df323eb77b74f3b36a8721c9162de2c5d85b7da25dc447a165898b66b7b2c4f6474296d65ad9b16d65f32e45bd1450fe87d8e2d93277645ecf9573210fb1f48a192743c8d0f2c85c4d0db14c53542c826991ab176dfed135fa85b58d884cbde87ba626265b2f91bff66c6c7b56d210b67c8f9a22e495d12b244536c8c6a264423a14885d90176dfed13fdc7d94514708d17bd0d15ba1313e55f92b9d8d0d145ecf65f896d12c4f67b4e368f65b6471a5b654343b12645509d10926b7fb44ff00716429948a5d766589ec8a1a28ad9211622988a434514243fccf66b7bfc6f91771b148a5baefb5a25349772596d9c48542a47424cc337c42dafaa27df68bdaf9ef77bd9659c4265963e64ff0aad99f43dd2d97e17c88921238adf249b1c24c9626a2fa8e2eca1485222c9b48c1d65647b6df68c9ddecb6b2c7b27f8baed626717231aff612d9ed5f8d6ebb8c57424d3e4a5b659c52ab1b8df73f4bfb1d099064d5b30c525bfda326d14708a25328ae856f451451435ce9ecb67cd450d6c975da8a1ed2e463e45d4a1add724462972cf2d7442e39af04f4f1fb90e105f6349761b6598db23d482a475dbed13ee31314852a2cb2f91165ec9594345090c5c898bba1773edec888d754347d0fbaddf6d98cfa1b2ded1437caba6cf9d6c9962df815d9d919a4c9486decbb905d884121098cfb44ff0076e8b132f65b74132cbdac4c6c6b6b2cb1b1313388e22fbef7471168b45a2cb1b7627d0631ab435b342744bb8a2c68a3a8bb6d5b3e54490931262bbdd50c9e325044a29142e86083975145a1277b515d513efba3876a1ade8a285ccd725329f2a7b2fc14f9247ffade5fb911aa2514572be4a12115f832e41e4439962ee69bf6f34fbec8a28a28944fb2b912e66b6a2b742ea572d0fa6ed1f42aa3a0d0cfa1decd6d2ee8833bb386c92e562dd8bf04e6d232c98db2c4234bd8e9b5a2c7f44fbec84f6b2cb284cb2cb2cb2c6cb2cbe47ba65ed658a4719c458cbb2cb2c6ec7b329ef2ee880bbed49a1c391ecb7474e79c5332e3251a7b222699a3a1d776fb12dd32cbfc7456cb7be567d2e5b1484f7bdac6f6932f79f75fe0c62da8689406b663e45c8e427c995197642e8607d44cfa2b664b748a16d4556f450cada84515b56d4515c9d77adee852e565f424f927f5fe0c422843d9a4c946b66b922776f66376c8f6e4ca4d32842662ee8e3a21913dac64beb68f7d9b132d5338a91c57113ec49f4148e22c4c6cb2f6bdaf64ed8aac656e8ee7d88e9623ef64f918d3a1ef225f5fe0c5ba25bd1280d0d6f1434ca249709f6465bd991990651f663242b5f6466466327d97f8d917cdd392cb2cbdad965ed65b148b2cfb2d6d75b5b2baf3597b3ec55a29ecc97d1054267410df5e594494778b124ce0382d55d11d2c9bfdc8f8934c58267b521e193fb43d249ffc89681bff00e447fa6bfef47fa74bfbd0bd3bc4d0b4335ffc885a297f79f0ff00ee1693fee3e2bfef42c125ff0024c9aec431364b0f41aa7c97c9d47cd6f74c637b597b228a5f895898ea8be88b7b31f6443b1622f662e4946c941a28471323c6ea9321a7cb2ee8c7a24bb91c304aa878a3e09e144b0b1c1a29f2d965964549f42185bee2c74246a315754b76d5722deb929fe14f6aa116bf158b6a652d992ec8876432225f81ab3da937d886926df831e822bac8861847b23a7238a689c6868704c96143c6d0e35c94431b6cc78944ad92ea4a0a4a999b1384b9acb627bc71b647123db892c28963687168ae7efb5bd96eb96915cbd4976447a2d97616d5cd1c4e4420a2bb09d1c45d21c99c6719c471a27344997b522504fe8960258da385f821888c5213d9ed132e3538b270716f9d1183911c4463c9c298f1c58f08f13453e543d9516bf0fd6cf925d886c9f6e4bdbec8c5bec63c35d5892e4b2d1c491ee1ee1c6cbb28768b6711684d0e99edc45143a12e486da9c16ad1c2c8e125898e0d14460d90c48514b7ae5ada58d3258478e4be869f252dd73aefbb68bd992fa20e8ee2e877d9ed463c2e4c862512b665a1cc7263933886c4f643635c965b148e2148be4421a278a9dd6cd1c08f6a22825d84b65b2e55b7518d593c51687a77f44b1497d0d56f48911fc3f7c92fa21111485b50a0d90c5e4514b6b1cd129b65b2d97c885b5ecf6b2c7b50ba0a4291c48b15116b69ab44e2d1457fb2e8356878131e9daec3c725b3daff00032decc976463ec5ec8ab218dcaac518c4724298e4377cb5ba384a16c91243d9771ed7b2dd48e32190591169992098d509b2d8f7be7b3a7e1a4d12c48962250653d972245d0ddeec6ae8c5862e085a781f1e02d3c51eda45248e13844868e1380f6d9ed9ed9c0701c07b6c50384706703141a3849631e37e058e5e0f6e7e07192fa1459c2fc152f028b3859451d44d91c8d0b35d59349f6298914ca2b95fe2ae6e1e9743c4992c3e0e06b7458f93ecf061fdab75b33b772ef67cc90cadd2e6e1428a1a38515fc6dc299c08e0470af070af07047c0e099eda3db42823811c08714702f0380b19ed9c03c767b4c78d8a0701c0ce01a62836383299c253b299c250e2d6cc68e0b1e288f0b381a287cb7d1187f6a3eb65b332bc9dd189b7156b7ad9adeb9eb91a16d457e0a18b6be443d90b76229145228711411c08504702f070a38521c50a111e34700f1a1e11e22588963e8d937432b748c1fb5168b5b5ecd0956cc7b7d0bb0b77b2e6456c99687bae543de86b743d9735bdd73bdda189ecca665e9164dd8d8b8774cc124d55ed65ecda2c4f6bdd08bfc0dee86f9db131bd96cf916d5cab6650d6cb6b1313fc0c62e9b58e46a322aa3bb2d596bc7229b4d511d5f6b8b16ae02d4e2f27c9c7e47aac77dcf930f285a9c77dcf930fee47c8c7e50b538fc9efc3c9ef43c9ef63aee7bb8dff00c90a78fee4879b1ff723dd87f721648f91e48afb3de8f947bb1f27bb0f27b91f27bd14fb8b341fd9ee43c9eec3c9ee2f239c7c8b22f23c91f22927f6712f2712f229c4e389c68f75793dc5e4e25e4e25e4e25e4b388e347123890a4bc97fc9c4712388e2389792d1c458a4afb968525e4738f93dc88a699ee238d1eec4e2471a1ca3e4b5e47338d232e74bb32591ca56ff000267132d96ce26d1c4ce238ff847b8fc2389f84711c671ff0008e35e11c767157d238ff8471ff08e2629b1e438996cbe9d852fe0e31cdf83dc7e0f719ee31e562ca3c8c5958b333dd67bccf77af63dcfe0f799ef31677e479a5e4f7a5e4f7df93e4316767bafc8b3b5f67bebc9f23c367ca9793e43f27befcb1677e58f3bf22cefc9efb3e4bf2c7a962cefc9f23a773df7f4d9f219f21f93de7e4f90efb92d448f7df4ee3cefe9b1e763c8dfd96c6c7b53f1cabf057fbaa3b0ff0012bd9ec8adac4cbd9bdba723116f65bdb3884c6fb16e8e85fe1afcf5feee8ae75b58d885dcfa5b58c45ec9f713d9b1ab3ef6fb476dbfffc40032110002010204050402020203000301000000010203110410123114202141510513305215324261227123408124335034ffda0008010301013f00ef95fe159bc9b2e26cbe571e4b9ef95f97afc4f2bfc086f92ff12792e4b16cadf05de57e75c8b2be57c93cd17e562e57c898ce821acae5f2bbbe7759c98b26753a9aba971b6272cae5d6571210cbff005c93a918ee7114bec8e2297dd0abd27fcd1eec3ec3af4fec7bf4fc8b114d7f238aa5f61e2e82fe471943ecce328fd8e328f967194bfb38da5fd9c65338ba62c643c338da471d48e3690b1d4ffb38da671f4bfb38fa3fd9f90a3fd9c7d23f2149f6671d0f071f0f02c743c1c7c0e3a07e429f867e429f838f82ec7e463f538e8bfe271cbc1f908f838f8f838f89f907f543f517f547e465f542f517dd23f22fc1f9097643f529afe28fc94fea8fc8cdff00147e46af847e46afd51f939fd4fc954fa9f93aabb1f94a9e10bd4eabf07e46a7f43f529f842f529f83f23217a9490fd515ba21faa54bf4487ea75efb2b0bd4ea5baa47e4ea7847e4aabec87ea5511f92aac5ea323f212f08a35e357fd9165df2364eae84ee56af2a8df835323265cf7244753234eacb68b383abf51e12bafe24a9d48ef163be5d4bb15ceacea5dd8b334c869a3a9791fe45a4599d6c53a6e6ec87819a5d5a250d32b0ee5d94e9b9b456a5edcda2d924ee2ba1b63b78c9967e08c354d231187842cae681539783676b33af866934497629c54a6933114a9c17f8b1b45c94b2426772e8ba6ac345b34cb9a873132ec6db30f55c1dee50abee42322fc927d198a6c79217528e19c8a74614fb1aedb5855267b933fc256d49188c0c65172a6c953945d9a1a65257a914f66ca7e9787693b989f4ea508de32ea61fd2d38dea157d1e8ca1784ba986c16aaae9c96c7e2a82dd989f4a82a6e54df530be9f3ad2ebd123f1543673ea627d3e54a565d53287a5d3d09cd988f4fa4a9b941aba24ad267a7e161551529b862d53d4eccc4e0a11943fb63f49a4e9dd6f630de9d094a4a6b628e121c44a9f631182a50ab0d5b36633d3a94686b823078084e9b9cd185c050a929dd6cc960b050e8d2386c3caba8c5741e07091de28afe9d4254db82309e9e9ddcfc8f0f85d3a5a48587a5c4a4b6b98bc2d18a8371ee8a3470928ab453b15e1848b5151576c8e1b0f1826e08acf04a2d5a3730b82c3c939b57270c2d9ad2914a8d3e2d24ae8f52a118d3ba434cb16e54c5be4df5e4b8f24279fa74ef06bc09f276314357658d26130ce4eef62c924965612349a452944af87855575b9561a5d9a12573d2db70776df531151bc5c637efb1887a70eecfb180949c5a6c8a51c63b77454a6a6e3765794695166092f6ae39cb8ddd98bb2a4a5e0a7569d4846e56c346717a64f62b41c26d1e90ffe397fb3129f1f07fd98cfda9ffb429a8a8dfc0a315792451fff00ba47a9bb38328b5570e93f04e2a8e1da47a6bba9bfecafc326f5b572838717686c5484256d45792a745d8c257e9691ff000d4ec993a0a9e260d6c7a8f4a07a6bbc198b9db14bfda14a2a9272dac62ab61a516947a982ad28c6ce2ec45d2a97561d150c4c5a3d53ff00a1125d736ba96e45977c9a2c691a2d9f714558f4dfe5fe8485b1d727b18b59d287b93488a518a8a2c460d94f0c70d125855d89d29472574cc6d04e3a908f4dab08c6cd98c9ae275c4a18aa35a9699490a542841b8c914f131788d52662b16a32a6e325bf52b55a35b0dfbabd8c162d536e137d0ffe36bf7352b98cc745ca318f54994e785a91454c4e1e8d3769189abee4e4cf4dc5469371974b927859cd547257462f1509ce2a2fa2662b174fd98e97d4c2e3a0e094d90c4d28e324dc91ea589a53d2a12b980c5c209c66ec8f50c6c2515184ae7a6e269423fe72489d6c14ff0069c4f770d1ae9c1f43138da778e9977278dc3d4a2e2e6af630b8ca10bc25638dc243add153d4233c445ed14637194ea52b45dcc062e9d28352662aac275d35b6a29e3f0fa1293ec54c5e0da7d1328fa9d08371921fa9e0e2af1dec7e494b10a4e3d118ec7d3ab0d3124eef97b890d6562c5b2b0b9508f4e7d67fe852ba166f63143175660a9d93965057652a49762c39a4277250522ad3d322c35ae2e2caf0d337d05271ee270941b6ba94e2f74689791d093ee4e124fab2317d15c74a5e4f6a763d898a8d45dc7426f767b162749a2f25d2ec529179335c90dbdcb9a9e7791765d9a9b56be4db2eec6a7b0db2efc9a99a9b1365db3af2f6cba5f2b165d4bf23116cd8988f4f769cd14d74166cc4927d48ee6155a82cb0fd589cac39c9761ca3214d24acc8f531104e173514dde6cc6ad32796bd31653ad07047b8ae8535e4a938b446a53f3d475a3d3a9efa1575e475d79215e27b917d0abd6234696696681c5f834bf0cd32f0697e0d2df62303448d0c507e074df834bf0383f0696fb0e12f034d762ccd0cd2d64c79585134f41ab0926cb64cb0b9121ae547a7aff965fe8a6eeb9198924bfc8874914ba5045cc2756289285d0e369d8a54add5892457695390f7297ec63294a727642c2d5fa9c2d5b7ea470554e0eb781606a3dd8fd3e6fb8bd39f917a6f967e363e4fc747c9f8e87962f4fa68583a6bb12c3c3bc4e1e97d4f6297d4f6297d4f6297d4f669fd51ed53faa3dba7f547b54fea8f6e9fd11edc3ea8d10faa3443ea8d10faa3443ea8f6e9fd51ed53faa3daa7f447b34bea3c3d27fc4e128fd4e128f81e0e8bec3c0513f1d4bc8fd363da47e35fd87e9d3ecd325e9d58e06b7d49612b2fe2ce1eaade2c74e4bb0e2cb16164d72b2e26c4cf4f5ff2bff44174e5af4e52d90f0d51bfd4e12a74e85184a346cc661a4a3322eeb2705ee5c8acb175128e91ee514591d0b2e5e859165cce08706be7b73ae6b23445f61d1a4f7821e1283fe2897a7d07d897a643b327e972de2c97a7d644b0b597f13d9a8bf88e2e24859a458c0bff00908be582562cbc1a50d2251684ecca15ee926c52ba24bb8a6913af18a2b547395c49b6415917e5bbcae5cb9a8d45cb972e5c76669340f2516d5c516cb1d4b32c5ba162c58b0e2d6562dcb67f1591a63e074a9bde28a981a33ec4fd2a3d9953d36a4762a50a91ec6990ae846097f9dca6859dc83e49453249a6464d10c4b47144f12df627524d8994e1659324da7b9a99a98a4fc9765d893349666990d491d7c977e4bbceec4d9134dcd08db63ae7d726762e7516d9be47d87d97c6f911644a8c25bc5153014a5b22afa5cb78b2583a907b18483551085c90db92c4a298e99a6c21a6284990a56eac6b264f7cd0937b11835be4868b3cba781c53249a7cb1d9886cd45931451a4d269fecd2fc9a647f91d4bfcfd7e463a7196e8f661177486b723933b91e7b2f05a3e0b47c08476cea7ed9a44236458d26967510c7938dcdb923b310d161268522e5cbacae5f2d2bc0e08d28d258b0d6562cfe0b975f15890d5c5db3495c5b7c0b26266f9772a7ed9d35779741451a0f6874874992a6cd2d0ba0f923b323c8ee5d9762b9d4773a91db26863cfaf375e75ccf9245baf2a4fe059bec2db2654fd9e518b6c8c54512aaf646b6426c8c98a77134c690d2250434d12567c91ee447c962c5b2b1a44ad93cac8b312cec58b162c8d28d258b167f248795f38ed9ac9676e4b0d6553f6622947a5ca93b2b67064588476c9a2512ac3a5c6b381124365f3772ecbb13166fe67cd65cccbb18f2b671c96df022c318c9fec244559244ff00679a29f579751279b454578c879c3b886b3be573a31ab648d45cb97e4b976366a13be498dffd0633b22e5b28e4fe05c8c9fec455da113fd9e4a9c9f6234e4dec53a761408d2f23492c992244b779c3b8b268b163ff000ffc12c9a3b22d9772cefcd6348b7e5baf9defc8c8f22e65c8ca9fb14ff64224db65251dd914990a48d091aa29ee2251b8d3b966344c9fecf3877164ecc7ced17cd3134f2b22df3af865d18b6cee44eff1279b44936c845a921ecc7b9415e5d590b7620fa12692639eaadffa53d90c7bec257271562a13fd9e705b8964f71fc16e54c56c9ffd664b779bca2fe34c59312ea5acd13b59e48a13b3dc55e2915b11297429fec8a52e8845b29b249b654a7252d8b16204564df32c9be5e99a90de577ff564ecd8b922b9573259c88ee4a939272bec3a92b5b34c8b6e238bb94694dcd268851b24280e23448a714deddcc5538aa57489651df36b990c69f2df9eccb7fd1b0c9abc9899759c7e342ca4c8bff2273e928f92741c69eb6f3452b2891af4e3352688629549a56b58522e74649124518f531924a161b2e477e46d172e5fe1b732b9bfc6fe19aea58b64c8f3ae545c6ee47727d1a656ad09d1514faacd1ee36846168546d3d2c54e7e0f6da1224865395ba98ca9aa63ca1be5d86ce874e4593e45935cf72e8baceeb935172e5d17cee5cec4f7cde512eb9973b625d7ff0009aba1e68a1422d5e46ac2d277d3a994716e56518a14a5e0794b625b8e5645695e6c7944593cacc49fc16624c917b97cde572f9a79df27b677ea279f7cb666e89fec58b669f2dd1dc5f02dc687144d651b5d0ea3d3644637661924290d972455764c9ce4dbea31a2c85b0b3b5b92c586b3b672458b32c5b2b32ccb32cf248b6562c8699a4b162dc96123b0ff006e4be5a8524f957331a13b1aa3e51aa1e493869df245c8cec51aafb11a8cbb2e3d8c554b235a352352f06afe852b8b26c7cefe5e9f174c9f3bb2caf975cd3b3131be45caf2972aca29b661a87444699ed9625fa98a3a72477117245d972f92793e4eb92164d97c9b356572e5f24f2bb2e5df3365c594b7cef9c921f4645974f2595d09e4b279487c888f5dca14a2da294558b0cb1536313b8f923b8b26b3b725ae58b162dc964359b458b162c586849e56659f25989162c58b652df2bacae47619366a35919722d8bae5976e4b6742ab4ca1593484eeb2654d8c4c5b1a6b923b8b268b16cec259b3af85ccff00ec4b7cd1d886c4d0c795c8c84f25cd3ed9d2c3ca7d7644e1a24d670dd14083761b1b24ae5788e09a251d39588ef9dc4cb9a8d48ba2e5c4c723572be5d45cb9a8b972f96a2e5cb97e764bf61656ca04d8d8f2421488caf92e464b2a34f5ce289c234a9c515efee3ce3d1941f544326b2aa93234ee56c2f7489c1a766b25f059f2db99f2bbe49312cfb67712c96dcf2fdb2be48454d879a1e498a645a165743632146737d22cc2616509a6d1895d515a8ea571c1a646228752846d6219364992bb29c2c58a94a2fb1530d1ec4e1a2e45f2db9ef95cb977cb6458b1a4b167958b162c5b95f2b5fe677e45b136cd2245845b34c8cc8c966ca538465d55ca78fc34124a07e4e8ef62bfa8d26ee9338fa5e4962284bb8aad1bee2ad0443194d76647d460bb1f94a7f53f291fa8fd4a0ff8b3f234fe87e4a9a5b33f271f07e4a3e078f835b1571109916ac54af1894f12a4ecff00fc2b962d9b1eecbe6844d722cde719b44657c9e539c23d5b278da312b7a8b6da88f1136ff6235e5f628e29add90c4a642ac189a124597259782cbc652718abb2b63b7512559c991a8d3dcc356538a4dfc7617fd5685c8d8f7e442243487925c961a111958f7e31dd93c7d28dfa95bd527b411531152a7ed21c9d8ef9235142b36926464fc91ad24f72188f246ac19a93e5ab5a305b95f1329f7e4a359d37728d68d58a6b2793e79d4847b95315e0e2a6bb94f189ee46ac5a2eb35f2b3bf231ee2e44486c792627c8c6ec54af18a2a567390d21a4b2b2140d0280e93f053a52b914d22cee75149a1569aee4711e48d58b1ce296e57c5d9b51275252ead8f91b3098874e691092924f2b676ce756305d5953169ec4ea49bcee2ad25b14f1125b90c4c58aac1f71356f92f9ad8be6f9121131722e49cd45752b621b7d18e6df72e5f2b0a2fc10a72ee85448d14854d1a6c21164692d96a68739b5b924f268b657197b182c5ff090eac523898dc8d58b159e53a908aeaca98af04ea390dd86fa972f62e5ec3932351a2337e4862251218a4f7235632ee5f25f0a7cb2e44227f056af08772ae21cbb8e57c92b8a0d8a8cbc10a2854a28d28b21acedd44ec2cd9a4711c070638124ceb931ee27d53218893e8d89dc8cac7bf28f7278c992ab396ecb971b793e64c4c4c551aee53c538ee47170646ac25b313bf331f2c87be57c93113458be5d8b8e518abb656c5eea2c73727d449f823094bb0a84885248514b25f0c58b2b64cb161c3a0e9a3db254c71690d65076642a9ee929dcd5f22caf9a2351c7629e29f4b8b151646a465dfe2635d47921089b436865d7935a2ae2231e889d4a937b0a8df7150234d2124b242ceecbe4dab1765f245c8bf85963db4c95143a4c7171136446590f9d16cd66b6e4592938f72188927b94f1317bb14e2c4f37c8f7cef95ed73138daf1aad2d8e3aa91c7d44b638f9f843c5b90eaf5b9c4497738997744710ce23fa389162458c8f838c5e05894cf7d1c4243c4a68e28e24e210aba1e2523894ce263e486261e48e269fd8e269f9388a7f6162297d8e2297d8e229f93dea7f61d68f93dd8f93dc8f93dc8f91ca2fb968791d284912c3db6669712e5cb9a8b9d79164f993cd35931976855a6bbb2189977215d3429c58d8f37fb72f66629af765cec4c4d343caf92db2ee32f9dc636ec2caefc9ae4fb9a99765d8bfd9aac3a921547e4f73fb3dd7e4f7a5e4f7e7e45889f690ab4dff22551f93dd7e4f758aacbc8aa3f22aac5587599ee9efb1573de3dc1d42354f7226b88e685342a899ac8c9791ca3e4d68baf3969659a14c559a238a688d78b149171fed9aea3177316ad567fdb164cb651b13c964b92e27937931be4b972e3795cd46a1e57c96498a4396572eb3e832f922e2188b8e4c5366b629b43a8d9adef73dc97935cbc9ee4fc8abd44b71626af91626a3dcf7e4fb91c4a5b9c48b12d0b192bee53c5aba4dee277cee6e76662ddea485932f9293449df2b898b73be4d0f92fc96c9972f9d8b672e462cae5f359be44279b91713cdac93e4be4871562e5cb943ac93b7742d909723d998ba4e351b68e99493cdf2a6f365b91e6967212b96e779db2593ced9be645cbf4189162cf990b24843d8b16645185a2e4c5b0b62d9b2a5252dd12f4e6dde2c7e9f88f08e06bf5bc4782aff00567095fbc19c1d5fab1e0abfd18b0357eac782abf463c2555fc591c354fab386aabf8b387abf564b0f557f163a357e8ce1ab7d19ecd5fa33daabf563a152fb3386a9f53879fd59ec4feac5427f5670d2fab25869ab7f83150a9f567b551ef163a352ff00ab3da9fd59edcfeacf6e7f56284bc1a65e18a949f63d99f83da9f81539781d27e0f6a5e0706bb1a65e0f6e428b349a19edcadb1a1db634bf0697e0d2fc0d35d849890e0f71234bc92fe8b7f438caefa0a127d8f6e43a6cf6d9a19edcf7b0a1234b5d8b3f059f4e868646949f628615c9aba29d2508da2be0d22562c5bfb34ff62859eecb65634ff65b2b3f22896cb41a11a5782c8b16459782dfd0cd08d11f08d11f08d0bc23da5e10a947c23da8fd51edc3ea8f6a3e10e9c7ea8f6a1f547b30faa3daa7f543a71faa1d28fd627b34dff0470f0faa385a7f4470b4fe88e1a97d4e1a97d4786a5f51e1697d4e129fd058482fe23c1d27fc10b07497f042c1d2fa9c2d3fa9c252fa2385a5f547094be88e169fd0585a7f538487838389c1c576470b06bac62ce123f542c2c3ea70b0f02c1c3ea88e12925faa38687d50f0f4fe88e1a1f542a493e914463b1610cebffe45b92dcab2b5cb22d9a1acad72dcfd7e14b3b1d5ff00db43f91e6b37f05b343c92572d92e4b1616f9a2c58d3d4b72acbffc40044100001030204030408040601020505010001000203041110122131204151051314321522303352617181234053912434425062a1436072548292b1c1354463a2f0d1ffda0008010100013f025ae1b7b62aff00931ed4fe747b0b61cf11ed8fb31f90df018596987556e10bec8f105cd5d69ed06037f63643d95b1b63a156c6dc16fc9dbdad95bda72e1dfd8db1b7f60e5c3a700e228e1cf8acb4e981dfd973c4e3a7e48fe40623f2d6e1b7b0b7e60a23d8f2f662f8d82ebec4856e3d910ac16985b4e03c16f604705b82d885656c6cadc765656565656e1b70d95b01c36c6d859590c3556c2cacacada2b2caacb29594aca7a2ca5652b23ba2eeddd1776e5ddbba2ee9fd1776ee8bba7f45dd3d772f5dd3fa14217f45dc3fa2ee1fd1770ee8bc33fa2f0efe8bc349d17867af0b22f0af3c97847f45e11ebc149f095e0a5e8bc0cbd0af05269eaaf032745e064e8578093a15e024f84af012e6d97a3e5e857a3e6f84af46cbd0af474bd0af47cbf095e8e9be143b3a4f84af474bf015e8d9adb12bd1b37c2bd1b2fc257a365f84af464bf095e8b97e12bd1b2fc250ecc9be12bd1937c057a326f84af46cdafa8bd1b37c257a326f857a2e6f817a2e6e887664df0af464df0af464df0af464dbe55e8c9fa2f464ff000af464dcc23d9d304fa391a9d13823810310acae7e4ad80db800418e3c9369dfd17849be1428a5e8bc14bf0af032fc257809ba2f47cdd0af47cbd0af474dd0af46cd7f295e8d9ba15e8c9fe12bd173fc0bd173fc057a2a7f84af454df0af44cdf02f444ff0af444df0af444bf0af434bf0af43c9d17a1a52bd0d2f45e86917a1a45e86957a1a5f97eebd0b27c97a15ff0025e8693fc57a15fd42f41bbe20bd0aeea17a14fc417a10fc417a11df105e853f1357a10fc617a13fc82f421f8c2f427f985e84ff0030bd09fe617a17ff00c817a107c617a13fcc2f420fd40bd08dfd45e846fea2f42b3e35e8567ea2f4247f1af4247fa8bd091fea2f42c5fa8bd0b17ea7fa5e8587e35e8587e3ff004bd0d07c6bd0f07c6bd0f4f7f3af43d3fea2f43d37c657a229be25e89a6f897a2697e22bd154bf12f4552752bd1749d4af4651af46d1fcd7a36897a36897a3e89780a25e0a89782a2fff008af0945d1784a0e8bc2d0f4ff685350f40bb8a1e8bb9a0e8177543f0859687e10b250fc215a87e06afe03e16abd17c2d59a8fe06acf47f0b567a3f81bfb2efa907f48fd977d4bf037f65dfd2fc2dfd9788a6f847ecbc4537c23f65e260e83f646a60f87fd2f150f45e2e0e9fe978c87ffe0bc645d178b8fa7fa5e2596bd978b623591f45e319f35e319f35e3235e318bc633e6bc6b178d62f18de8578c6af18c5e35abc63578c0bc637a2f1610ab0507a92a98d5e358bc6b51ae6842b41e4bc73578c1d178d6af1ad5e31abc5b578d6f442b9a792f1cde8578d6dd78d67cd0a8045d1ac8d7794efd34535131c3d55514a5bc93858d91c48c05b1d462d6e6b2828cbcec99490c5ef1db21514add98bc6c3f02f1acf8178e1fa6bc737e15e381fe946b7fc578c3f0af487c978f77c2bc73be146bddf0af1eee8bc7bba2158e3c90abd354fab77f4d978d7f45e3655e3645e2e55e3655e3255e3245e2e5eabc5cbf1235530fea5e2a6eabc5cdf12f13269ebaf152f546aa6f897889fe25e266f890a993e246aa5f890a993aaf1327542aa4ea8d449f195e266f8978897e246a25f890a996dba15330feabaf112f55e225f88af112fc450a896de65e225f88a13c9f195dfcbf115dfcbf115df49f114d99f7f315debfe22bbc7df47232bbe242475bcc577afea577aeb798aef5c3fa8aef5dd56777c48c8f27ccb39ea839c4e856670e683c9e6517bba941ce59d077cd662b31b20eb22566575996659edb2be17575aaf9a0afa6174e234b6175757c76575cf546d657e8b5206aae55ec85d6fb941d85d5f4c2eafa22b92bab959966575b151ce79a92425c8959bff757c2f6e689e6ae302ebe88ababa2eba1759d66b02b37c9175b54c9f21b6e9c193b5555396f2e68b75381b7b063495494b988d344e9590b72b06a9cf73fccb4db00820b9e1de1cb6c3644e164350700e44aca2cae02be176ad2caf88565f757b23b617e0e586f85f1baba188be038b54d4ee0bad51561d71ffdb0db11645c00caaeada719d4e162564774442e6adc17e304d90199772e0b41a597341129a56608f00c09e8bef81c1bf5455ecae507276eb5c77e23ae37bae585d6e8abeaa3932394cc1247753b0dfee8e9c17e0b2a6a72e202716c2cc8dc355aa1cf0ebc1aad6e31b13b2c922ee5eb23fa15670e4ae3995be06d85af88b27308d6dc03a22b7c09431fbe1a042cb4c6d6c2d87256c0dad831a0b85d491461a844cca9e06b81c0e0142066d54ed6e5c4700435565a735cd5b7c2d85b0b2b611bec517b72276b86b806a2acad8d958ab611bc31c9d30b272e4beeafaa0d2355b705c623ea8e1736b2fbae7757695bee8e5c35c2f80e4aeb5c3aae4aeaeb92bdb90c3e6b65aad55b5560de6a964f3349558cb14ef3705af87542c9ad5431d9a5ca4d5e88450dd722adf2e11aab3ae840e3bacb0b06a578889bb3578ce8d4eab90720bc71e6d085644776ab534bb109d48e1e547305995d5f807ada2ee1cbb87aee64e88c6e1b84038a6c4f2dd91a67d918dcdc044e2bb87f4420902ee1fb94e691c9724d6929b4ce211a77db65ddb86f83584f24299c79234ae45b94d8a3aab26825d64ca776ea51201629ae79d02f0eeb5d6437b2f0ef29d4ee1aab214cf29f098d32271d53a9df6d4a6c45c578572923c880b9429764e8867b26d2fcd0a54696e9f4f946e991665e157855e113e123756d5320250a76a7538b27c4428e137d578608c233d90a76af0cc5e198a4840429d8bc33178762740db2eeeeeb04ca66aee59d13a00427c56ba8230edd770c52b6c55b0387d7834e02172e1d0eeb95f00397b0e585fe780c755a73c6e11e6a2367855adf56ff00252ee574478a1dd4008a709e0a3869b616f9a3b70323baccc67d53aa24be89c6e6fcd7d900b27c8aca511742f74da991964d9629b7dd4b4e46add502ada5f821f384d230d14f65145cd6815c27b0382923cae506d8676f5c258c11b20cbb94718015c04082a48c108b35b28e30022e03741cd2a56b484e1ae1179c26ecaa541e75c97f5a6ec88b84e616bd376550a0f2a779530d9e82a96f350b6ef5c95eef4dd91786eebbe675524cc2dd141819da135c1c9e2ed51b3d7564f972f242469533d84284fad83ce592e9b3b49b60f9435197bc70b26a73f2af13f24ea9f92835d7074ae0765df053480aa7384be64edf1b2eb86bc1cf0d973c09c7444ad5591c6f869b636c345a616471fbaf588b5f066e154fb90a6df0202df8005079947ee42911d572d95f0dc2bab5b06b2c2e5493f26a3729ac2ed95883629b946e1776376a17435bac813a3036441c21a9b68e5242d70ccd437d50d11375a9c2373b36e86ca6ba8ee4d937653bac144f39d0550d54fb606179728da404fd9442ef282a87281dadb0940ef014d4f6072ee5c3ca548241ba2b2fab7cca2f3a6ecaa3650fbc5c95bd74ddb091974dd9546ea0d93b64ef328dd70a5176154ed521b3530fae9a9f1e75e1427b030a830300298cca13cd828dfebdb02c05185aa484b541e6c27dd47e640e8aa133cdba6ec8b415dcb3a29e368503c0d102ac0a3134a96221538c26dd1572b9a38688228a2b90c6eb7e587dd0385b01c5f656c080b5c775b02ac534126c9d6beeacaeb9a014edfc10a73cb82fc106e145ee07d149bab700b73455be698d16b9524a5da0d958a6c771a2d588d8ea2c89b212381d2ebbd77329afb14d732faa3a956b689ece88b543318f4e4a48c3866081c035d6b840a8bce9aa73651139d0551b26799354fb2836c2e309a4e4a9f738546ea01eb6152a298f342469e6ae9cd042919672b28fcc1355403650f9d7247ce9bb2cf67d90c2a37507953b64fdcaa6768b74d6d94dae899e74d4f903178a6a9a4ce5536d86704e13928263de37084ed4d7029db28fcd8546ea3f321b2a843cc13365238b42f10fe8a491cf4d63cec8778d084e9a6e14be550e1379915b2d7718e882dd69d302b9e02dcca2b9abf06e345a6d895cb5564166c2c311c8adb0b357f520103c90b2f546137f2ed536eadc4153f9943ee02916c86528d821810a365d4f27208029b206eed08daf76e88bf30dee8029b09772428caf0a7e49d46e09d1b9bb8572107df74df2aeec9d53859534d6f55ca68ec6e1590c22f326aa84d362131d70a4666099010ec27772506c8ec9afb3d0550de6a37d9c9a54b1976ca2872ad91707489b1b3a2929efb28a37377384c45ce0c203826eca46660a382c6e8ec8eb226eca7d3550c9718546ea0d93b64fdca89d67207099d776a99e609bb27c7997866a920002a7c335a44d2a76e8a122fae0616a6b4052bacd511f5b09fcca33eb26ecaa1346a99b2b02bba6744e8db6d946f1b2d1776de8b40a6906ca037c26df0e6710afa6cb54335d5c9c0aebc365b61a7457d70e8b4430d71dd68b45d16aae55fae1b725be015d5c852dfc3b54db9e30a0f30517b90a4e781cd659baad11f926eea470632dcd0f5908edadd3c4679e11c25c990b4040703981dba753b0a9622d3aa6bf2ee517e6d027c5eaea5794a8c896347d575b161b10848db6ea77038473654d99a79aef1bd54938b688bae755048d0375de36dba2ef5d32665b74f91846e8d9453e5dd099879aef59d54b517d966d5473db74266755deb3aa96a39045d8c53db4284cceabbe67552d45f40afaa6cccb6ea69038e8984b4dd0a8675534809514ad68d4a75432dba2fbdf45b6a9b52cb2754b2da22eb94cf3042a58bc53178a6292a5a5b60a29405e2989d203f54ca903446a5a422ef5b44ca9b6ebc48b2755f409f2176e5472645e2be4a47979ba6bace5e2adc93e6ccafadd36775b65e21dd178b3d11aa711b22fd7429952f0bc5a754b8e88dcf34c94b365e2dc9cf24df0005be7872565cd6ab92fb2d82b2187d71ba388e1186eb5c0ad70e5873d56965aae68e985896e127f2ed53f9b1bf05d423d60a3f721488f5c2f75a611354ee25c98d7ee0207f74f717150c59935b6e37a7343dbaa9e1ca535e5bfd2b2bdea48f2aa77e57aa86ece415b16b0b977253858e36d2e8e1b157594aca0f3c46bc015d5f0cba5d0614fdd5ef85ce1757c2eae86fae2374e2782e8abe1745d87aa814710eb2df10be575636e0b959ce07e4bedc37c365d17cd03a2babf5c1a1dc827b4b5daee8226eb6c4bb5449386986b801868b4c6dc1a15618e5f9600fcb4477d903ae1a045ce285ee9e6f4ca7bdcf05f820d1c1457ee47d13d108ecbee82fbaf2b15ee5190b36ba321298dcc428db60ad8b9d609d50fcda151485c3079d137653479da53b330eabbd75ba045af70bad415e789370034c184dd3c9ca106732b2b08d13581776b230e97421d7545b1e1ff001a8fccb2ddc516336423d564dd065f742216d5776d22e1089bbac8c4e636d70b27aa9f96c9d184f600060474c2dc36474478ed8db802b95f6e1ca6d75ab50381e3736d891a02b92009288e0b1594e209e4ae35beeac1586baabf25b2b7cd01ae07963c9596dcd7acace722cb73477c0388046015f0d91c4ef8e985f65cd1cd64ebf86551bf15f087cca2f70dfa2956857fb5f644a6eea422daab7c2bbcf898af98eca0604166039aef19d56605386608d33839451e518484136ba6e152cb1ba8de36d13c93e54f047254cebb2c9c37d55f4dd0364e1a79904ff2843c898085c8a8b9ea80f5d7adc9021dfd288d50d5a98c374df3143de207d640fae9d66859bd4599d6d913ea2692168e1d11d1a9fa851fac14bba1c16d30e4ac2df3573c5a2d4595d5b1071b269f97005cf0d5156c34b70db026f815742eae01d11431089256a706f245b75b2f9a76eb5c3447e4801c16c7d617d56b89c40d30f9f06ab5d96b6df1fbaccbeab434ca7c34e1dd437cca1f703e8a5c09e8892708c7aca7726ca58bc4b08d5886a547a05eb1d97720ee9d4c08d1c9ec92351d410354da88ddcd77acea9f520f9544dbeaad8548bb5790af16ee4d0139d9f7549cc293cfc26477541e414652566364090577c6c9b2108ca56a5091cd5df92b39bacc6ebbc72cce4e7976e9af21190959ae135ee08c8e59d35ce43d5051d75c41b725aa38bbe4acad85aead859595b0b616c2c51bb901859161df0b1c2cac511a2b221596556430b2385b82cac8e16c3e4ac1061eb864bf3b2202b61656c0e8b556e222dc049215b456e0fb2f98590dae57aa15d5b125735a0a653f98e88e07118417cc143ee47d1488e1f55a28fccaa3746dd559337099b218b9b982963ca56e9b73b28a1e65016c6a3c853b004854be6b952f9b8329df0df0690370b9e1aa6b2e8e05874d1652b23ba2c8bbb7db64227f45dd3fa2ee64e8840fe8bb87f45e19e851b8f35e05ebc0bfaaf027aa1427aaf03f35e07e6bc08eabc08f897826f55e099d57828d78362f091af071af0912f0912f091745e1625e122e8bc2c5d17858ba2f0b1745e1a2e8bc345d17868fa2f0d1f45e1a2e8bc345d17868ba2f0b1745e162e8bc2c4bc2c6bc2c6bc246bc246bc1c6bc1b178262f04ceabc137aaf023aaf03f35e07e6bc09eabc0b97827af072745e11fd11a593a2ee24e85774f1c918dcb21e8b29b2b5d5b1b1d3545b63aa07aea8f18b859ad7d2eb5be1a597df0d700ac061baca458a38db0f921c1a5d66f92287f2e5546e515a706b8407550fb80a43af0b0eaaa39236c1bba83ca870556c9adbeca28b28e1a836614e5616be149b94f6b9cfd1081c853bfa2f0cf429dfd57853d57855e18735e15abc2b178762f0ec42162ee59d1774ce8b235641d1650acacacadc41e8387f72b059474591bd1774ce8bb88fa234b1745e1235e0c755e0be6bc1397837af08f5e19e392ee9c392eecf4595cad7562b6e1be1cb1d3aad392d53baa6fcd0b72bafbab2bd91251d97242f85f0e885bc3b954ee78baa0a1dd41ee02902280d5591099e6d9540f570bae6a9cfaa870550f5553b754386addeae3aaa5f2dd45abca03f381c507ff7dca3a2eed9d17878fa23491a344d468be68d1391a47745dcbc725dd3aeac51ba286bae17d57d958f247eabe989c09e831d958a0becae99ee1caa37f6106ea9c7e004f88aee5fd17867214ce5e17e69d064d53c668d118d2cbad90e0985daa9f84ecaa250e71d5735a7243d64d192350374ba1f9eba0f41c3fe82b05ddb0f2469a33c91a46a345d11a372303ba2ee4aca5addd6daabdf92b60d198a7375d0a0d5d57d9017fa2d8eeaff002c3e9847ee1d7539d4ad96f8ed8c1baa51685bf44785c2e1000121543487616f926b8b4a824ce1056d3120c727c903c1553e5164e3737c3554ec2e7a79d43546344386fc775757e1b8c345757c2eae30bab857575741e84a15c7fd0b646261e48d3469d46d4ea47234cf08c6fb2c8302575c0a19700465f9a1a95b28fdcbd546e423cf8e0b5c5d537b91c72b6c6ea6607b6e88b15af22b5eaa394b0dd433b5eafa62e6870d55a48f617084cd28c8d1cd4b5a05f2a7cae714755a20dcca066465ca89b99d7c26a820d82ef273d567a8f9acd51f359ea3e6b34ff359aa3e6b3d4fcd67a8ff002464a8f9acf53f359ea7a959ea7a941f55f3424a9f9a2fa9f9aef2abfc9174fa79967abf9a124b935cf9977953f3464aaff259eabfc966a9ea567aaf9acf55f357abbff52cd55fe4af55fe4af55fe4af55f35fc5ff0092fe2bfc97f15f35fc5f472fe33fcd66aeff00257acff250d5ccd90076a9a6e3809b2125cdad877badadec81be24a0786e6eaf8dd5c2babab85982cc3aaccdeab30c2f81701cd5ff002a4d9671c3605774c3c93a95a53a8ba27d3bba27465652ad6c34decaebe4802a21f82ed154ee51c6e78213eb2a5f7211e27b6e10f54e52aa21e6364745c96e9a48d8a8eb48f3265446ee68386198754f9e16f452d567d00b04e57c05953c249bf24fbb886b544cb04764ef7aa263328d1656f4594745947459474594745942b059474560b2859474561d1582bb3e4aecf92f55582b0560b28e8ac1582b0e8ac1582b616561c76556db4aa3f205757c2a672dd1bba32d544417296aecc16dca06abcf74f99fdcdf659ea7267ef54552f746ef9264950f27f16c9c65645abee543524faae3aa8ea347129ae9e6248726be611bafcb9aa37bdc0e62aa5c5acd0af14480c0754fbb61dd36477737ba8aa5cd79b9d13ea2474bb9b5d4af3eafac533c81667788dca7cc6396f754ce333f3928ec9f398e572a4f5ce7255638dac151bdc2ed72a920c9a9b044b5af1ddbeea684f7798b953d37a84e6549ef1d86e70f535cc85b2faa985d6d566d117e89c5fa2cf6424eab3b8ec166759479b9a7a2e3c97ad9b559c93a2ef1667a71768b55ebe641c814757596408dd35e83dc55de547c1609d0b1dc91a41c93e8dd74e89c3922db72c355aa86e6391546e703c2143e6549ee4228714d1dd35c1c0b4a9e0730fc96cb5c75e483e41d577f2fc68994ee564791b2b2b1be0028212f472b4650a18b9a011d91f7ca2f28f692ccd6052d4bddb2d79957f9a64d230eebd200724cac8dc9d52c09952c72bfe42bbcea98fe18e0aa04480aa89daf680148c765054b3faa32bd77b78352bbb77779b328327863651b23f5b3b88b291cc30faa6e9f01eef305035ce89da28276c20872efccb1bbd4b0545b1557eed786786891193353a67f2ea580e50427445b9154deed3651d63346db541d9aa54909926b285ae825b725fd29f077b3150830484724e12cd21ca9914914baa919de4b621773ddccd3954dac4a007b954c3f11c8ec9b817379a6f3b6c9bb2ce0356b60539e34459aea9a1b7d0268dd5b74d4f5b157b9595a0ea1002da05fd2b92decb629f7e49a13b43759c9d823bfac9a353a26b745b265fd818da7709f4cc29f47f24f8ddd165dd443f0dcaa77d13b1b7cd0c60dc2a4d6109c871cb17309af0ef55ea7a52356ab14504df305669e4b231c364328d2c83da2f6521d745982dc6daa8695c77d022e6c632b028603bb90181d93fdf28bca3d9c92593da5c9c2c8ababe0eb0e49b220e39932a2c8d65932b1a774d998ee7ed6bbcea9fc831b27c4d70b14292269bd918da458af090f45e1a3b5acbb8606dada26c2c6e817868fa210b2d6b2cadb5ada26b18dd8230c44df28595b6b59358d6ec1100eeb236d6b2ee99f0aeed96b59646f4591bd118d8770bba8fe10b237a2cade8b2b7a619474591bd10681c9650ac3a2b0e8ac15959118d86165618587b7b6b8dbf20e8da7927d303b2ee72b5caac59e51478a1dc2a3f7213bd8cb0076a375de3e3d1c344e82297569d5494f23392d5364681e5426173a15df5b64665996a5328dcee6994d145ab8a739e746b74514006a862548dfc4517947b126c8c88a73ac9ced5146eac1157415d664d3aa2567239a82b80b0726b8385fd9d6fbc50794715bd9dd5d5d5d5ffbf3fca556798a38dd0c0287cc151fb909dec8b014ea5235615decccd1cdbabd349b8b23470bb67af471e4e0bd1d2750bd1cef88214313777a1e163d85d77ef768c6a65339de7299186f09521fc4517907b025137c09536d81449b59593ce031cd65f7575c951d516b830a06fecabbcea0f28438ad8595bdadd5d5d5d5d5ff00bbc9e52ab07ac53b74784287cc151fb909ded08053e9237724ea23fd2f2bc3540feb461abf8d787a9e6f5e0c9f339329236f24180719537bd0a1f20f60f4539e1675248b5c18f3b227541bcd5907968dd5c5d79ddea0590d8b95d5d46754e6f35472e660f655de75079021893642575fcaae8ccebdb2a08abababe1757574d793b8c2eaeae15f867a98a01eb951f683e5bf774ef705e93c86d2445aa2999236ed3753d5c500bb8fd947da72ca4f774a4fdd7a51cd75a584b54533256e669b85595be1adea66fba8ea6ae46dc52ff00fb2ef6b7ff000e3ff528cbcb7d6162aa2b21a71eb1d7a28abea27bf774da75ba3da2e89df8d096a8a6648d0e69d0a9a6644c2e714cae9a727b982ed1cc9b27d5d4c447790e9f22a0aa8e61ea95535d0c03d63aa8abaae7d63a716ea4af484b1bbf161b7d145336468703a15515b143f33d1435b5b3eaca7197a95e3a663bf162b050ccd9581c154d7c500d752a1aaad9c66642db72ba7574f13bf1a31f6514ad91b71855d6f73a36d750f6a4ef95ac2d6ea9a7f2aff2955be656c3ed80c61f32a3f7213b11f982a6f78a1f20e379b22f4e91389599137c0ad6cacb9228e011c5aa139aea9347fb2aef3283c81371aa9f20b04ef10c01f991acb45f343c43867cff0065de49dcfadba6991e3377b6f92a79dce0e1d167739c7f12cbd66c5e7ba86a08d0b947507d63740cd313eb28cce1ae0e548f398eaaa4da35154b9b70e2a098fac537bc9dee39953c8f649909ba1c13d0c533b33ae98c6c6c0d1b05da53b24759bcb9aecb8646c44bb9ec17685dd39baa58591c2c68e8aaa9992b350a8607c45e337abc82ed3648e907aa4850c95ee67ab0b183e6a6adac82d9e362a5af64e0db92af7b9d33951e5f0f1db4f5576a01dd85d8ef7ddedbe8bb52425f6e8a824ac7c4d11318d60e679a9e7ab8bdeb18e6aa4aa8a567a8dcb6e4ab9c5d23b5e6a94010b001c976981942ec971fc617d956125e6e79aa60044cb745da23d51a6abb31e7f185d555cb8fd55381ddb6dd1768db2aecb26f22aaabc832335714da5b42f74a7d62145fcd476ea99b7e55fb155de6471d10410506ea8fdd04ec47e666f78a1f20e39dc8b8a6c65c9b4bd50a5605e199d17866df64699bd13a9c274165dd94e61462365dcbb905dd908b0a2c2306a664d7d6fa2a273bbeb3bd957f9941e4086358c37ba96a1863ca37469dddd029f20c96cc415197f706e9b0666175d52dbb922c8774243de2cd0988e4d97719a2b85044e399452084b8393679246bb4d151df31553eed3a9f347982822716b828dddc12082a9dae925cd64382a2b61837dfa27d54f5872e66319f554f4d4509cc646b9df3298f63bcae07e8aae8c13de0504cceec5ec117b791ba60e76555553c27486e1455f4ef1abc03d0aed1a98e501919bfd17665248c2e91e2d7d82afa23bb45d51d6c6d8c31e7290abeabbf2d645aaecca47c4d2f78b38f25da148e7facdd55155362677727ab65da15626b3226dfe6bb3291f135ce7e85dc957516a4b45d52d74619964362156d5788392204aecda27c2c719059cee4ab684eed1754f5ac6b0364d08f92acab3507244c27ecbb3a8e4898e32799cab284ea5814158d6b0365d0855550fa939628ddfb2a0a3744c39fcc51ecf6e6cdde381f929291d91df8f21f92f0ee32b40245ceea9e0318d6473bebf957ec556798a36c39f0051799517b909dc03f313fbc50f907139e1aa69739d1434e4ea50600acadc1645abbb08c617741776bba4624614e85165b0a277e3a1ec6bbcca0f20431796dac5363837ca865217710def94231c606c83230364238c6c17710fc2108e2e4023ddb6c16460d8274519dda106300b59776d1b045a0aca16468e48c6c3b841a06c385d4f0b8dcc6d25784a6fd16fecbc2d37e9353238d9e5681818a33fd0106346cd18146084ffc6dfd908a369b8601f6c7b988ff00c6dfd9363637cad03e8312c61dda0a11b06cd18f771fc2dfd906b46c0057575919f08fd906b46c06395bd02ca06c38328fcb3b655be729db9c352ac4a16c0287cca8fdd04ee01f989fde283c8385ceb052b89504799016f6b6442ca8b13e14f8f2a63b238154f289180fb1aef32a7f20c060f0792bee084340139f65b8bdd171bd95deb5eaa2164f1772cc6eb7174ddbfb3dd5d5d5d5ff0030ed8aadf314ed4a3c2145baa2f721391e01f97a8f3a83c8385e6e518f33946c0d1c47da594b08704e61175412e576443d857daea9fc830183997e6845f35dd7cd0845f75dc8ea8c3f35dd859135b65646317baee82b616fed97575757fc91d957f98a3812ac860145e6543ee427708fcbd479d41eec7038d860c1f959e305005aeba85d760f615fbaa6f76301ff00415d5d5d5fda155fe64e5f7c42e7847b8543ee427710fcb54f9d41eec704ae40a6fe5644e549eec7b0aedd53fbb1edafed27ae861765766fb28a66cad0e6edece7a96402eebaa7ab64e0e507effd92eaeaeafc27655fe74e0b5e28b70a87dc84ee21f96aaf3aa6f76382537726843d89f68fd93d519f56dec2bd537bb1c1553b99a04c7d4e6043ee15454bd82c37464aa8fd62eba7cb2b981cd7591ac7101a3cc9cf7321b93aa82a64ef6ce2aaa673468bbcaa8fd62eb8524ef2c05aa9de4b02bf054c86385ee1c937b4eb5f2b581cd1736d908ab08d6a5bff00a55436be261709c1b7c941daafce19237ee30aeaa984e4022df45d9b2be486eedd57cb24715d86c5525754bea18c7c971f4c5f23636173b60a5ed796f68d96e9750c5da120cd25464f9593e0acb7ab5249fa26565730e57c59bec9873006cbb4a7963b65759766554d33e40f75eca7716c4e20a7768567ea954fdaaf69b4da8f893240f008370abaae68e521b210a8653240c7137fec975744aaff003a71d55f80610f9950fb909df9b2aafcea9bdd8c4a22ee410f62782eaeb32bf0b93c8baa790f796bfb0af54de4188555ddff00527b5adb1648a46c9eabdca79d8e8c01baa68ed000428231e20e8aa89f55a0a91af8e405549b86952cc0c5600a7b0b6105530b46de1adfe5dff451e6ef99934766d1362ed0b7bf8fff004aaea6ae747acb71d1ba2a0969a27da58fd6e4ee886a345da23f8872ec7fe5ff00f315da9ee150ff0036cc7b4efdcaa1205530b90d91757726c49fdab3b1d972b1515419e10f22cbb5f76aec8f7d27d14fee5ff45158d5460ebeb29fb3e391a4b458a867928df95d72dffd9554ad9652e6aecefe5a3fecb7c2bfce9da956456980c22dd50fba09dc63f2b543d60a9bdd8c5db2e780e0cc1670b305757c6eb32cc8bd17a3285dfb578b6a64ed76054835509fc66a1b71d7aa6f76310a41191eb2653d3dee1a8c6d22c852420f95650844c06e8c4d26e9f131c3508d3c47926d342dd9a9d131db84181bb70d4b1cf85cd6ee9bd9b56d78708c5c1ea84b5bff00861ffad4c7b4de086c4d6fdd43d8ce3accff00b04d6868002adecfa89a62e68165414d2c10e57ef755d049345666ea3ecfab8a40f6b5ba7cd66aff00d28cfdd67aff00d167eeb2e7659e37dd4dd93727211f450c7da7169ea39bf35278f78b00c6f529fd9137278255140e8600d76eaba9259c8caa828a681ee2fb6ca56973080a3ecc9c4ed7e96ba0154d23661f347b22a3a854703a185ad772fecf5fe629dbe36e08b7541ee9391fcdd579953fbb18bf6430031738a7172738f54e964f8978a94215d226d538a6cb7574e7595dc6f64e98a7ccf28bddd5677651b2b941ea0a9e4709b7517be6a6edc75c2e428059b6be213c1e4b311b8598e557713baf5f5f59177cd091d62bd7d3d6598b79a0e75c6e87b7b7f77aff00314ee7c1ae316ebb3fdd27fb007f29556baa6f76317ec821895645a13e209d0b5772d5dc04d8547115dda91a9d74422d42242260e4bba0b25965d542ebb55405196778cd35bee9bb71f682a5f20e02dba1175375dcff009211aeed187a1421f9aeed776108cdf756fc85bfbb57f993914711847b85d9fee9391fcdd56ea97dd8c5d83780a29f231bb94fa86142459aff0024c2546344548a4d0a255f559c2ef5ab382af8437530f5133df37ea9bb0e3aeb7354de4e01f9cb7f74aff327ee8956e0e6a3dd767fba4ffce556ea97dd857574e3a2e69bc0e4e6c87e8a4834d1189d7d906755dd9513134689c9ca609c0e0e0adf2594a04a6a8c6aa5f214cf78cfaa66c38ebd52e8c1c03f3d6fee55fe7253b036e18f75d9dee93fd88fc9d5154beec6255b54de228daeb214d893596c0a727b6e9d12c8b2aca8056bf25dda68520f51307e3b7ea9bb71f682a4f76383358215c7bdcbc94f50e8db70bc7cdbf77a2355f87982a79cc8db9f6723f230bac8f6cb45ff0008feea2aaaa91a08a4d3e6e46a2ac7ff006bff00ec876b80eb49096a82a2299b763aeaa26ee632fb5d7a6bd6b773fed34dc6153da7dcbcb7bbbfdd51d57888f3e5b2aa9fb98cbb2dd7a69c4d841ffec854571ffed07fea52d65444dbbe9adff9933b5a98d83aed4d7070b8c2aeb1b4e3a95e9aff00f0ff00b54bda6d99f94b729c257e46175af647b6353f83fed432f78c6badb853d54508f58fd933b50c8fcb1c05c5479c8f5858ff0064aff394fdd15d56b884cdc2ecef769dec87e4aafa2a4f7430be2388859559018945109cd5917765776846b2ab20149e543de03f351ca0abf157eca93c9c152fcb1a73c68429df9a16acecf0c2e532fdc9e8a87ddfb3a9f72ffa2779952d554774db51b8fcee9f55581a48a33fba3f8b39ef5d92fb95431411b3f0a4cd7e6abff96721a3dbff007051f9461da7fcc15d91fcb7fe62bb4ff974d786bc38f22a3ed28881f872ff00e9559da6d2c2c630ebcca83b3ea6720e5b03fd45430f7513597d829a41130b8a95d2544f6dc928f65c620b01ebf546f1bc5b420aa4a8efa30554fb97a78d4af48cfdd88d8db6883af20335f2df554be1fbb1dce5cbf2fec8157f98a7e3fba015904cdd7677bb4ef643f2556a93dd845370ca80e3b70944acc11c6dc2ed965d567caa275c717686ca93ddf04b1093729d4f1b9965e09b932e628766457f31469999328d14500885bd9d47b97fd13f7549534e206032b41011aba60dbf7ad55b236a26fc3695d97493c577bf4bff004aa98bbd88b5490491bfca742a9fb4299cdd5d94f429f5d4ad6e6ef45be4a6cf573931c4ed550d3be184075aff0025da5ee1463f199ff704dd9768d017ddecfd951d63e9df91fe5ffd932563d9981d1768d4991d95bb0543d99de3048f716df905e8f03fe697f755b42226ddbafcd5154f7128b9f579a9cde07fd149e6dd767c4c6c0c218012353d555513256e8002877f492e815255b676fcf98fec9da03d629fbe0700af847b85d9de44ff00663f2358a8fdd04706defec4e175759c273939cbbd17dd67d16757e276d848153f907157f2549e4e09420ed0046423985de9e4bbc97e48ca6c9925cdbd91175dc43fa4cfd978683f459fb2f0f0fe933f64d6868b34003e58d82ee21fd36fecbb887f499fb2b60e6876e2ebb98be06fed8f710fe9b7f642360160d165dc43fa6dfd90006d83981db8469a1fd267ecb236d6b68bc3c3fa6dfd9016c1d1b1de66829b0c4d376c6d1f6fec9da1e629f8ea82d308f75d9de44ff660fe46ab7547eed1c1a3d89c66b90a28ddb94ed93d3d89b7b20826957e03b20f17b29b9283ca38abf6547eef81cdba315caee9df24d88e8b223114c6bb98fec247f69ed0f312a4f363a62133cc1766f91391f663f215aa8bdd22860e7266dc6559655956509c13988c4bba59559040f03b65fd480cd64c161c55fb2a3f27f6cb2b7f67ed0f32937e007166ebb33c89e8fb31f90ace4a8fdde0307266dc45595b81d85910ac8e175757c1e7d55bb942d438abf65487d5f64e765084cd26dff44f686e53f75cf1be2d5d99eed3ff003958a8bddf016a03d9ba4013a66aef59d51a8605e20212028957c06013b641a14238ebfcaa8fc9c1512398cb84d9eb1de54f99ec86e7754d58f7b88729ea5ec7b405e29ef90358a79e46168ba9252d60214b53200db14c738b14d51551bac84b539414d96a4ea985d6f5b745ef27d542a5ec791228e67bdff24e7656dd1a9a8793914554fd5afdc2158ecc731514f24849e485449df65cc9f3bc3ecbc449de817d134f05f09a6919972c79b54f9e50f6b444483cd0f6765354470f9ae9aecc011c24802e54750c90902fa7b5ef24cf6c9a7551cef73883191f3f644a6ce1c48b2be1da3e64fdd1d785baa6aeccf22723ed07b7ab543eef11ec4a2f46568e69f393e50b24a51824eabb97a34ef28d3c811ccd5df26bae81d3008601338ebfcaa8ed9382afdd950412bace0fb0554f3a3535c5b334dacaac971165067864171baab3ab54d233bb02faa9fcad50caccadd5551fc46a99d68c26b98eb7ac022f019a15136c15531bba8006b148f6b986c54123466cc5372ba425a9d139c4db92a591c2ed72cd69b54e7074a2cb6985d472b0f3c2b6aea1933809080a867ef6069cd73cd5756ccd9886b8b6ca8677c94f989eaa96aa77d59639e6d65da33491460b1d654d248ea40e71f5aca86a66927903df7017694f3456c8eb2ef1fe133df5caa19bb46a1ee11cc05baa641da208cf38215755d4c3259b259767d519a2d4ddc3751544a6a9cc27455f553447d572bf6bb5a1d981f92a3afef4e478b3d768cef65b2a6c99610f3ae8bc555cef7361b04daaac8640d9f55593c8c634b1d65472ba488171529b464aa49dcf95e0953d4cac9747697551da1ca377d4aa5efb25e43a9c249eabbdc8c7a11f6913ef9aa6798e3df54eaf9c3bde14c97345987451d5bfbd7677e80235b34d3658890a6748c8b476aa9257bdbeb1ba966904f6cda5d54caf63342a9257c910254ad95c3d47d94b2d635f93bdd57f1ed638998151cb5f2bac2502dcca8e3aecc33ccd3d55454be3f540fba71ed068cd9c1f96ea19def8eee1621432486670274430ed1f327ee8ec8f0051ee1766791391f683dbd62a1f75ed1e516be42994d6dd06008845128b95d39a0a3104021804117269253469c75de5547e5e095ad70f58a8fba6faad2840c2fce7752534726e8d2466df2525346fdd1a78dcdb21d9f0820eea4a58e4dd781a76bae9d031d6253a163db63b2f010fcd361f5fe4aca411bf42508db96c9b0b189d4913b928e9d8c1a04da68dae2ee68d3479b327d2c6fdd47471c66e13e8e379d54748c8cdc61591f7956e6fc95054085b335e7fed0a5cf25df6d2ebb2efe14fdd51ff003ffbaed53f84d547fc8b7fed54f52609dc43735f92aeab7540f765a99ad037fec54957e1a47da32ebaa6acefc91dd39bf555d1f7b54197b5d417a4a9b38e8742a8e4cf5aeb742bb53cc145eec7d14b765734b34d6cbb4cedf45137bca668ead4e1534723c865c283b42192d9c6576daaed0b776d5d9e7f0429bddb950fbf93e8abfcee546f02a585c996454b2f753e7b6ca9ebbbd765ee9cd55cfd0354b4edee1b2069baa475e9ad7b9014e7a2eca78f5c1dff00f8553ee950795fff00729ff981f55567f0c2a2f74309ff0098fba7fba29951dc487d4cca9aafbe27f0dcd5554e64d426d64b11cb2b2e9933246120a848f10e430ed0dd3f7c0ad3e7c0c5d97e44f47da8f6d56a8bddf0dd0e222e9adb625391e1b2188dd08dbd10681ec2bfca1521bb7826f2a6ff00d965df10ef35d073ddb20e75f54e7937433e7dd090ecafa2b6659b4b2bbb92ef1db2666e781f57762cf7d1a9c5f641cf1baccedeebbc73b6598f34385dff00d482ed08f24c48524619d9f1817ebfbaecbfe58fd4a6da0afbc97b755da3550b98035f72a95ae65100edf2aecffe6dff0045daf6cad4cfe447fd8bb3a58a3965ccf03ea854407fe56feea73fc746bb460ccccc02ecafe68ffdabb50ea856d3c710fc4074e4a00ea9abcd96e06b75da63cbf451b9cda66968fe9505735f76ca402ab442e97f0b9aac6fe0b150491b61d5ed1af55239a6376bc950fbf7aac179955d332c1cd1654536765b98c07f36100ab4e67e508d0d4777fcc683fa5519730ccc2a9b2bea2c403a27c5e1e60e6feca53de4176aa49191e70f7006ea4789271935d5558fc20a8e789b1eaf0354d7b5c3d537537f303ea9fee8fd15348c6bdf98d936587f51bfba9ea5f1bfe4a7a9a5922dc12a907ab211cd53dcd46a9b8768ee53b756e1099baeccf2a7ca2eaff9bab545eefd99e128a3ec61173ecabbc8a8fcbc0e6e6459a59774f36d42ee9ffd2e46377228427995dd9bdd065df74e4068bbaf5ae8c6efe92bbaf9a0c93e256d11649d5774792eecf328c775dd3b6be8bba2365dd7cd01c3e1e2ef3bccbeb755253c525b336f64f8637b72b85c28a18e216636c14b4d0cbe765d47414b1bae22ff00e516822ca2a58227666b75535343379db742160664b688f66521ff008ffda6f6652348393fdaf0b177824b7ac9cc6b9b94eca2a18227e663755351c3379c2f4551fc07f751c51c6dcad68014d4b14de70991863400a5a0a794ddc3f6515053446ed66bf35242c9058a3d95467fa0fee9949146cc8dd9329238dd76a7d244f75ca31b48b151d24513aedbe1e162ce1f6d5591a584bf35b55946c8d153def9545430c4eccd1aa929d9268e4c81b1b72b764fa2a77ea5aa3a4863f2b75ea9f0b1e2c57a3e9fe15153c710b342f0d09766b6ab2022c53a8299dbb7fda6f67d334dc313a163858af4752defdda11b40b59369e369b81aab61da1e64fc4a18b0ea1766795551b3932a107dfda8f6b56a87dda386657c41f625108b5642b215656e18c587b2aef22a31eadf8c7f72b7e6fb43752f0f2c19b85d97e4555ba76ea39b27351c8d70f683dad5f2547e44e6bd647f55dd95ddacab2a03d89471278a31770407b2aef22a2db8c48ceb8dd676f5fecd7f656fccf68798a7e3ae1b60c5d95e4558754e2166514a5aa19c390f663da55aa1f27e40a255d12895744ababa0a1f321ecabbc8a8f9f04d37762f65e9076e63365e21a63cc855337eef4baf14deef38505477a36b29e70cd0b774e7b1833e54fac0c68364cac0e666b28ebf3bf2e557e0a899d137308f32a5ae64f716ca7a2a8a9640ccc7ec152d63aa09fc2b0eb7534cd8985c57a6197f77fed31e1ed0429269da7d5a72e1d6ebc4d57fe0ddfbaf4b8bdbb975efb5d545777196f19d5535409e30f02caaab5b4f6bb6ea9e713c61e05af84bda2c8e4c8585075c5d4dda51c4e2d2c2a96b195009682149288db98af4bc17f23931f980384d52d845c8299da903dc1ba8575357c30bac6ea9eb23a8be4be8a699b136ee51777532b9ed91fa1d94f0b587bc3249f654f551cd7cb7d3aa9aa590f99433b656e66dd4d52c8bcd750d43266e66eca6ab8a23eb5d0ed089db4721ff00ca856b4ffc52ff00e952543231add455d0c8eca374e700d24a8aa192df2f252ced8b75e9188ecc79fb2657c2e36d41f9a0e69d8aab7b39970fa285c0b4593e68e3dcaf1cce4c7feca3ad864d2f63f357165e2e32e0d17575338061bdfeca99ecd4073beeb3053cd066d1cf0eff001464603790cc47cd433c52791caadccb6b7503c160b5f1ed1dca937c74c6c9bbaecaf2955764e015dbcc225bd13242cd8a86a7320ef643da55eca83c9edca714e72cc8bd665996657c0287cc87b2aef76a8f6e0acf22789b20f854ba46d165ea770a3f72f543e455bbb54e7f09aa5176b17acd3942a7169826f01175594cfa797be8f64c6cf5f3eff55144d8e36b46c1769cc5ef6c4deaab285b0c4d2dfbaecba9cf1643e66e15d5a5df830ebf4543422119df6ce7fd2ed8fe85d93ad30fa95dae356aecbfe55b85636f52fb722a3f20558ccf5797a954ae7d2d46576c775da13e7736266aa589d1b9cd72a6f74cfa61da7ee97772b43656ed74cab1e173fc94d1c8f6998ec4aec7ff0091768fb95d93ff002fd557fb95d947597eabb4b66aa2ad8628f2383ef755b54c932e507eebb33dcfdcaed3f3aa6ae81b1b5a73dc0e41453b25d83bee17680f517879406ccc4caaef29493a1e6a80faef5da03d50bb3fdd9ffb954c0d732fb11cd50c8f0f31f255a7d65497ee59f45594f2dee354ced0c9eacd116dba2bf67ce47ac2ff00b2b3726887f32d4d555ee8aa2f3bd55bcb5aa8a307d73d53df4f621ee0a38e8c49769f59570d9517ba18f68a77fb57d4a2b5eb80c1bbaecbd8aaa4fb2211c18e239a8aa8ec535e0fb21eceaf6543e4f6d744a7b8a73966599172cc83c5bca8208287cc87b2aef22a2d8f04f17782d74681ceff0093442919932a3d9eedbbc4da5688b205e8f92fa4964ea3ccc1eb6a8767befeb4ba27d2e6cbf25e0fd70eba6d2112e6ba1c3da3fcb3b45d917cd269d14d208e324aa6a57d4c8f90b8b47509fd9c5cdfe6653f5519752556b7b0363f4559da05edcb15edd55049491faf21fc4fa6cbd2149fa9fe976a90e0cb2ecafe587d576b6ed5d9f570450358f758fd136b699e6c1faaaefe60f5ba8fc83e8a5fe7c7fdcbb4a9f412b7eebb2e02e98c9c9abb441ef8d9537ba67d30ed2b774a96212d1e5faa7472093bb1f12a888328dade8bb246b22ac8dcf84d9504ac8247890e5baada981d1e56bc1fa2ecc63c07b88d09d17697942ecbf71ff98aed260202eccf71f72bb4b7547510f72c0656edd577f4ff00a8dfdd57dbbb0a905e01f455b4b94e9b15d95e795571161aaa19618d994caddf9aaaab8cb72b355494ee07bc70b5f92ae1ebaa4f72cfa292aa48ddac5eaa6d4d2482f99bf7554ca77bbf086bd153b1ec82cee8b306ccd24d85f74ca9808f78d552f6ba1d0aa11abcaa984bd9a2a79bc39caf040ba92a69f2ee0aa7379d56eca8c7e1371ed04fdd735f7c6e8266ebb2b62aa8a7dee5175f10b51aa86a2c992870f620fb3aa543e4f6a70727a715bf345142dcf0b20828b7f675deed511df826e48b725882bbff0092effa04d97a8d577daeabbd26f66a6c8ecba85debbe15def55df2ef8f446475c21c16e1b2cab285942b2ca0f2591bd020c6f4591bf0856591bd02b041ad1b0011630eed07ed896b5db841a06c1776cbdf285941dc26c6c6f95a060e86276ec69fb2f0d0037eedbfb2b2746c7f985d3636b3ca2c9d1b1fe600a6c6c6f94009d0c6ff0033015e169ff499fb2f0d07e9b7f646369dc26b1add827343b709b146d3eab404e635db80bc341fa4dfd936089bb31a3ecac13a263b76841806cac178787f4dbfb26c31b7cad015918213ff001b7f65e1e1fd36fecbbb65ad6418d1cb02c6bb768284318d9a1776de88c6c3b85940c7b4549cd69c4ddd764ecaaeea471271d15fed8c7265d8a8670e57f603d954aa2b16e97f6c53827313a328b4856565656c02d147e643d956fbb54877d15d072ba9413b22247e84582ee883e5ba7348b68831eed6d65dd1d344d6117595db59643a27444dd08ffc13586c8b4e9a21fdcedf90ed109fba387df81bbaeca5569eb5e9869804706484286a2fa14d703c60fb2abd950793db90884427b510acad88c3e6a3ad66c535c0fb1adf76a979f002af81010fefd6f6dda3ba7f9968b9f085d92aa54851ba3aae482bb40eb85c75c1a4851545b44c7dc2ba1edaaf6541e4f6e5145391e3e4a507312a96adcc7589364c787007d856fbb549cf8b320e4386fc37feed6f69da2a4d2f8df109abb279aaa0a5e6b2bcb7ca56a17d97dd0dd1fadf81b2696b28e72d514c1e15f847b1abd9767f9789ef0d0a4aa75d40e25838ca28a7277b0980cfaad2fa2ecf98df292871d6fbb54877e0967eef9215c091eaa0ed13eadad360a1aaef0a6deca597bb17b2352d0d053e61dddc84da9688f358a8eb1925fe4bc7b3365b2356d0e02cb36974d9599ca6d530923a26d435ceb045d61742a584d9788697655255318a3ab8de55f096aa08bcef09fdb0c0eb088feea37e7683d54ae7b5b76b732f1155ff00843fba35750dd5d4a6df54ced4cef0dee4dd5f452d7c31dc6e7a235cf68b9a692ca0ae866d01b1e855d4b5f0334dcf408d7db7a790050d6432eced7a2ba92ba061b5ee7e48f68306a62907d9435904de577d939ed68b929fda34ed36b92bd2316976bc7d947511cbe47028b9a05c94eaf801b6a578f82f6371f54d7b5c3429ce0d17253aba006da9fa05e91839e61f50992c720f55c0e0fab859a5ee7e48d7c4370f1f651cf1483d575d39ed6ee51ad8efa073be8bd21066b1b8faa6bdae1769c1ef0c172bd210036d531e1c2e3123d9f68a7a364785abb24eaaa54baec117bb6babf508a3f3e30992969514f7b5d028623d8d5eca83cbc24aa99139daaa6f20e328a29c8a76231254e70864eede0a8650e6857e2adf76a9b4ba18ca0642a9c7ac5487d42a9c6671160a082163ee0eb856791093f15ba69755041850fe5c2b98b61ba68fc46fd54c3f118879147ef9ca525ae365446e2dcd3c7a85398fbe60a3ce644cf5a7f594cdcb28b28f6183a86073cbdcdbfd55486899e3e6a9bdd33fedc09005d55d5ba693bb69d2fb2a3a26402fbb8f355b239909b2a79b2cf9b2667720a4a9a9636eea616faaa69281f2fbab3d563cb21d0d9534d925bf765eee4149573b5bf894ba2a47503e5d1b67fcd56c9921d153ce19292632f77f485255c81bf89486df554a281f25c0224e8555c2e923b354137859cf78dbff00f0a6ed0a67c640d7eabb3e9dfde77d7b376b2ed073c7d17666439c9b6755cd8bbaf5ad75d9f239b396f22a684cadf359414a211bdfe6abfbac963baececfdebade5557296c6a09dad7ead2e7f201495432da4a776aa95b464e68fcca481b28d6e8082116b80ab1f0c8465d55042f899a9fb744e7868b944be77ff8853b0e775f60a9fddb7e9c36f63da2a4d0a270b9e06ee17656e555296f7456985d73c2eb443e6ae15d0739ba851e67386bfb951cc01b1720e071ba1ec2acfaabb3fc9c321d14e513eb2a63f863d81451451e0baba714fc1aa299d1ec5455ac29af0786b7ddaa5dcf03c5db651c0584a8e9a42f3ae88d04a0dd8fb28a8f25ce6b92a189ecbddd755113a46d82751de2cba2f0f2f779744299fddd89d53e91c40b14ea3766691c94f4923c82d29905583ab859474d235e49b26521ef092994cf64b71b270f56c9901b10e51d216484f252d2bf3668d474b2178748836d83a685ba3a4685545ae99c5bb5d52cf0774c1de36f6eb87694ae63328e6bb2e1bbdcf56557077b190a03e1ea477a08e5752d440223eb83a28637cd3b720e6aa6132436e6a8c882abf10594f342223eb037504324952320d9d7255542e7c4a89cd86a3d71f4550f8842731dd411b9d52dc9c8eaab65998d1976e6550329a5b97d9cfbf3553474b91c7286954c6564ed0c24eba85277593f1364da3a57bef14af07e4aaa38e3679cb9dd495d9d03bbcef3922f6b06a6ca4ac2ebb626dfe69b47249acaedf928e26305800156445d1e8a80b1b33c3b7e4aa327746ea958ef100b3cbcd3eadb11b3814c7c330b8b155b141976b15d9ef973b9b725a154c5512792c99e2da2ddcc7fbaa873f31b8d552baa4db3b1a07d50f6bda0a5df02b5e00bb2bcc55515212b5dd7dd5c2bab8c365f45f747073dc79e0c36515410a390395f01ec2af65d9de5e198a99dbafea544ff0056c81e328a72723c04a251b91a0521bf2c02602760ae993c8db7ae995d6dd4754c7abe157eed531172036dc121b5932374afdca88161caa52ed2c83ef641e119177df2465d9093aaef17782f6f6ae82271bb98d3f65e169bf459fb214d00da26fed83e28dfe668299146cf2340fa62f8a378b39a0af034bfa2d4d8dadd80565253c3279980af47d27e92642c679400aca4a68a4f3302f014ff0002642c6795a022c07709d414ee37c9fed7a3e0e87f74c82360b35a022d0458a3414e49363fba14300e57faa63034594b4f1cbe6ba3d9b4c7fa4fee85044362efdd329db19b8bfef8494b049bb0214105ef63fba644c6795b64e8dae1a85e8fa7bded6fbaf050f4bfd506018c9470486ee6a6b0347b0b71768a7f991dd1df842ec9f32aa1a29481b22ee16e171d3875230c848cdc9453969514c1c81c071d5dadbaecfb65d30ba2f0b3dd4a7452ad2ea95d6364d72078ca722513ae00d8dd39d73b60eb27136471cc71328b001a020f3c8a86bcb347eaa2ac8dfb155af1dc9548e25c6e780c45d64d698ce8d4c0e273116446a8b1d9c5b65a8be8834e8b2ea56570e48b4bf920c1d0a636c7fb3595bf35656c7b4549ba2b5e10bb24facaace8a57ee8d9595b1175ba016a392b92ac8623ea88e8a394b4a82a0140a078eb3cabb3fcaa5948465713baba0a5d94a80d54672b8289fa2055d5f80a7272288e27221342386dba7003637c022b5e453afe15baaa322e50c1adb6a50ab667ca81bffd1a461da29fcd7df0b70735d93e6557b2972f2050fa2b5b1230e4823d786d85d59662ddaea0aaf8931e0a6957e1a9692147552c40d804eaf90f442b1fc9a178d97a043b41f6d91ae90f446a9dcda1199ff0008551bf95a857c806c10af9ed7b85e92a8f92f4a4ff0025e93a9f92f4a4ebd2753f25e92a9ea17a42a3e4bc7cbf24eae92da342f1b37c978d97a05e3255e2e72740178b975d978b97e5fb215720fe96fec8d53f7b37f65e2a4e8dfd978993a37f65e2a4f85bfb26ce4dee5a3ecbc4bfa37f65e25dd02f12fe83f65e25fd1bfb2f12ff0085bfb23552bdb9792a261dca0139ec885ca9aadcff00a2cdeb68a967b800940ffd1dda29fbe17e10bb2bceaab653798ab01cf82e6d86ead6c2d7e11894143505aa2941e2b5d1a788ff004af0707c0bc243f005e120f8578383e05e120f80230538e48c74df027c51720bb967c2bb969e48c2dd827b329d946f60dd974cf0ba7a80210533bfa02f0d07c0178483f4c2f0907c0178483f4c2f0b07c0178483f4c2f0907c0178583f4c2f0907e985e120fd309d4f0fe985e1a1f802f0b0fc017868be00bc2c3f005e1a1fd30bc2c3f005e1a2f842f0d17c2bc343fa6178587e0085345f0841a02335b468d7aa7b8976a413f5d15c0f9a6dc9b051bcb5ca09330ffa3bb453f7e36aecaf3aaa1eaa9cd8ed885b6175f6c7efc165a6055b18672c505435fcd0f605e0734671aa3338a2f24f148c05491b9baa0e20dd36a650ebe6517681d332654b4d90703cf8c9f68f903549524dd5d5d664130eaa1932951bf301ff0046f68a937c0e9c5d95e6555e452a2ac86e8d96dc5c95973e1286a9cd20ed8472399b282aaf6ba6bb83381cd3aa1bc93a7714492af85f0d6d8b429726965231a59ba7c64152318d68b4973f4d90d76bdfe48e70754ca995877515793bb532a637f341c15f0ba26fece5a80dd93a42e5fb206e75e0b8d2c98a9a6b140dff0030e91addd4d5bf0af1920299da23fa932a627ec503fdbfb4549ba3c4176579d55791482ee28b51b0db11f4402d900883d1735a2373c1cb10e7376fdd7ac4ea6eac57341c42a7aaf88a1336dba352de49d3945ff357c35e0d6eaf8059b922707333274456a39a36cbb6aaeb326920a654ced3ff00c28ebc6ced132763b628beeaf85f8df206a9aa736c8bafba36cbb9babab70b1cb6d552cffd3f96748d68d4a96b7a27d43dc7528bb0bacc46c547592c7bbaea2ed107cc9b331dcd5ffb676829374515af0f65fbc0aa87a8a7cdd55be6ae568b4572b545c5662b52acb64e20ec2c800b4e887d11b700e063754d048dd03645e4ab91c966f556759cd934b8ace7a232941c4f245eb3eab3841e17780acc39a0f08d9da2963ca566b0b2280babd95cdeeb3754d95cdd8a6564814758d3ba0f161aa078a59c3027cc5c89e785da82270be1aa6e96d95d35d62a098387e4dd235bb95356fc2a4a873b9ab93d30babf0b64b28eba4669ba8fb4587cc993c6ed8abff69ed0522be1a70f65fbc0aa2d914a7d644afbe00abf5571c008c3d5c34c2cb29bf037eabbb250604401b26fcd120ec1688c8edb961adb0cf61eaf0003aad95d7352656eceba3205deace7aa3aad55d5d6fa6005ff00a82cbafa873217bdac8dc142578e6a2ac784cab69424055d17594d55f0a2e2af835d96ff003c1a2fcd5b4df0d57445c55ec54794f357514995ca293337f20e786f35357017b292a1cfeab32dd6c6decaf641ee1b14cae95bceea2ed18cdae9b331db1fec57e1ed152ef81e2ecaf78aa8faaa4df55cd1e0b701b9c341884e57d34d31e69ad255b038d8ad05f55eaf54e37b637c37c3305de232b8ab9c0e27000ad8ea1070e634e88b9091c01b141d6daf7ea83b7b8be31bf2df405779246774cae21baa7d439f8e88777627292ac0ec5647f4445b00e00385b74246362b64f5baaba16dcaba8cdd1c29e62d3640dc62f91ad1a94da88ddb395fd839e1bb952d7346ca49def3ba2e2ae89c35c2e515cb0ba215f1bababa64af6ec5475f237e6a2ed08ddba6c8d76c7f2d23b2b535d71ed7b414989e00bb2fde05556c8a6fa63f6e10075560061cb803973470d4a0074406f87356c07c91d96c86b86cb756d15d675debb296af540f9ad375656b5822eb9bdd35a494f0012302300f202ba00942dcd06dee55c00ae502adcd6644e01665de1b5aebf083059feb2cee03283a2e69af7379a63bbd3eb5949935b2cbeadefc17e8a3c0ec81b2a59ffa4aba9ea991053553a43aaef329f328bb425673ba8bb4987cda264cc76c55f173c0dd4d5cd6f954b52e77345c86a745babe3a617c6eaeaf73b2eedc5a5dc9593ac8e3a8b600385efba64cf69f31517683c6faa8aba276fa21235db1fc990aded7b4362a5f32f9e16f9f0f667bc0a71ea29c73b23be001e068bab069deeac573c022505cd15ba0ce656c80d51b66d30b8e883fe5c375f7448598ed805cd118596636b056cc6d64458a6b647e83656c0b9cedd6547009d6e4aeb4416b805ba7ba3d32857c6e9ae599020a09e6e741a2b942dcf8026e209053eb1e19609d2976eae8ababa64ef1b151769bdbbeaa2ed185fcd4b5ed1e552d548f45d7575aabe398dbd8dd5d6ab5c3915f6574d3eb0d6c89df00484132691a747151f68bdbe6d5475d13b9a0f69e7f9eed0525ee57dd1e10bb2fde852f91546624ab7cd1dd5f920b5c2eae8b8f3c02b2d301aab3797ef86657c05f1eb892aeae70be057257c6c74410cb94f54db73b21a72b85a93b22374c765703609e4b9d728856c6d85cab9c1bb84f3aff00fc30bea814702300b3140df00b4b1e0615759b40b3276a9e32e25075b0030be985f84bc90013b2b6986b85f4e1fa61740e37bad8e1990e4aeba2ba04226c9b50f6ec547da2f1e651d7c4e4d7b4ec7f37da29fa1c7edc3d99ef5aa7f229b9a7637c06035570822ed11faa16be19420114535adb6a51c490bbc5aae4be781bab95eadad656c2d8734ecb7d0ab8576816b23f242f744f2c2cdb5eeb269741b7d93edc9ab92215b0b6a8dd0c05fa2bdb645aedf10eb5f0765fe9bababf06645cdb21a942c09d2f832f8725f3c0b7304e6eab64755950031d6caf81c2f8f257e006dc3ae2eb7228616c5af2d691d56988c37d1116413277b76728bb41c3cca3ad8de9af6bb63f98ed1d93f4bdd1e3ece3f8a14de4539dfd5b2d355af05d69c1ae036d900b4c0e1745e167449d97ab977d50e0d30cda20af6573895cb8339175b2bf44d7e437ca0ab93ba8c47675c9be0565e77c4689ee06d66db805d3beb8937c42e785d5f0bab9e4839029a7540e2307b2faad3d85b0be050b23c7aae785d3bd974c071e64da891ba82a2ed1207aca3ad8ddcd07b5db1fcaf68293728ab717677bc0a6f76a7455f1b1e8ac55f8432e861c966d119117dd5d1d134d8adca6b80fe9c02deebeeba2e785ecac77d113a6985ce175757c03adb2beb75e63a04410755b2f9a26fc95b4bad539a4269683e5053b7bab203d42725fe785904e25d60b6432d8fab72b2e9c56e0bababa0536659efc2f08ecb54702d2d4e03ebc393d5cdc00372efadfd8fdf0b2b711030b9434c6d86fc17575aa64f2339a8fb41fcc2656c6e41ed3cff25da29ebe586bc3d9fef5aa5f76a61eb1d139591eec0d37c331e670bae485bee9adba68415eeae6e566c3aa185cedc1b63f64ebdf528f114469bab2d11c5c85da2f74eca7adfaa7db28ebc1a844e987d57d0232388b5cf0db82d89598e5b616e1baba6bdc39a1394d95a55c1c0ab58e37b2b93c1a5b8b95d5afc23e9873e3b701442b2d81435e017364742b92e5c374ca87b0ee547da0ed8a65646e41ed3cfdbf68279d7d8767fbd6a905e253b1d7463d745ddb9774fe8bb972ee4aee9cb215dcb93635b0d96b7599c774247046e88563d15b4b20c442d559cac5042dcc61be1f55a60dd510ac9c5b6d02d15c70df13657574d7dba226f89c5ec68f29bab13886937e1e4adc16f637d56659ca135b921203cd5d15656c4b48594e5be02dc3757c0ad17343d88d5595b0faae6acad81c09f617c0937599071ea99532379a8fb41e3cc99571bbe483da763ed3b453cea8f10541ef42fe853824ab00ac072c2d65f75c95be58d9168d912dd8056d02cbaad3eb8d9141ab2a0106a700364159595b5565656b7d5590566ad360116efa2c8b205902eed777baeed06688305f55dd85dd85902c8bbb5ddaee8aeebe68c6bbb2bbb2bba28c642642e768bb9dc15ddb9774bbb2b2396572c8e591cb21594dd65594aca558ab21c4706c85779d55f82e8b896dafa61b2bfe482bae5c7f3e0d70bf0ea42bad56bcf0d55d5fe69951233fa9475e79a65646e41c0fb1ed1ffe13c6bec287de85fd0a4dcd93acb45b60d6dd1c2cb9616f9a3f2477c0afbe36b637e0e48a011dd07107457c004113ae078cf1dd5f4411b5b457d56885ae9a5a2ffe915be21848bad900acadf25a23a95945d65442b0594745942cad595ab20595bd1776d5dd3754c8014c66575fff00745baac8b2dd01800ad7bab6242b62743805cf0b708f617b2be0022b6c2fec0d95d5d15aa08621c74ba1348ce6533b46dba65644ee68381db8bb4949ba3869c343ef1bf543c8aa37471ba0ad817680637c3edc1cd5cf0688f4b706fc42dcd5b0761f7c06fb237be031e58fcb0185b1b6056b813834d9381e3d95d5f02b4c34c061cd5bd872c74c2cad8db0cba2b2b2b2b2b6164159595905656562ac7121653d165e0b637e0e9c22cb42740af85ec9b33dba82a3ed070f326d5c6e42469e78f6927daeaf747842a3f783ea9beed4fe657dd73dd6c821b15bf05d5be7866cad59b802baf9616d15f0b8e238dd1b22b4571ec05b9a3c2dcb659b4c0d82255b4c6c312316b4bb92d786d8591c2fc07e58665a61a2b5cfb0e486171ed07195f75cf82d86986965656eaacacb45656565656567590f9ae6ac8688ab61993657b3fa932b9e375155b1f65da253ef7c09e10a8fde8faa6fbb55005ec8ad16716c02cdf64e5a2fa63c93814d6f3e0b2b617e0bab02ac383ecbe5ec3edc03da73f62069756c39f173f6030035f636e0b69873c6caff002f61cd1e028f25cb1be230e4b961a616405b0b63cb86f8595f5d172e6bd556b28bceabca7e373c01521fc4099eec2a9f32397806f8dd5f0f9e011681ae24e1a20b72b657c020bae1ae011e1b617c3ff6c2c86becb5c79a73b36050c06175af05f0be170aeb9f1f54c796ecafed02b23815be031bf0816f616e121596aaf756e0e7be3af5c1aecbfd20a215b4df1e786e57dd5ba2d546dfc40abd3f7f614c6ce50bef0853f3ba3cd5d045d7c0349e0e78dd6aae88e3b61aafaa26e8a0ed6e9ce71dfd85f87ef8f5c39a1be175b715b01b7b03c3b7b2fa7169ed7efc637b1e0bfb2b2df0d6fc16d31b617c069c9175ce807d173590db6c015a5f5187557b7abbe30f9c2ae29fbe1a2b70b1d62a8a6cd15b9a9ef757f96a8ab05aea82be375be2505a1c74c3efc1d70385b8ceb89e03b705b0d96aac70d388db0d7f227875f6c0e3a2fa705ad868b4e2b6ead8744782f89c0597cd5f1e5b626dd71d5735a21216ec89cd81f96007cd0d30c9b150f9db655725dc9d6c0ad7842a39f290a41de36e114490b5596ead62835596bd1597ec8fd575c79f059725a5b65b2e580d70bae6b4c2d89c36e22ad8f3fc873c2d89f6bbe3cf88e1cb83a708c0fb4189039e3aab6987db0b5f0fbab6070b616eb80c2d80d30d91e4aeac79046e805adc2b7750ebb9533b547eb87543ebc2131d6549576363b2744d7ead5235e0ed80bafb2bae5b61738e55b61aad82b706887083657b2dcf0ea38acac7003003e6b41cd5b9a0dba7b2c55901c9036be985f01a6165656e11873dd5be7ec2d8dbe7ec6dc011c6dc4173c0636c39aeab9e1adf55f456e0b2d5157b636e0e78d973e0d9735cacb9e19be8b446eac80d7651401bebb955cf98d93ddecdaeb2a7ac730eea3ab8641eb2ee299fcd7808be247b3fa391ecf7f50bc0bec8d0c8bc048bc0cdf25e066e8bc14fd17829ba214327442926f811a498f242926f851a598ff4a14b3fc0bc1c9d178797e05dc4d6f2210cdf02ee24b7950825f80aeedfb642bb893e146077c08432ebea95dccbb642bc3cbf0a14efe851824f84aeea4f84aee5ff00095dd49f0aee9ff015dd49f02ee9df095dd1b794a11bae3d5d1169f8177723f61a2eeddf0ac8fe8bbb3cd6575b9aeea4076590b8dec8c2e1ae5591ff000ac8ef85772f276523083645874d1643d10d0a76624ac85653756282ca42b2ca6fb2b1bab2d56877590a732c159589365908e4ac9a0f44597d93b7d564396eac51042b61628ad8ab9bdf00c3ae1be194956b1b616c2d815656386ab97016e830d71d70d70d42dd118e5442b2b5b02355f24ebab20d4792caacacb556ba1a8d15afc9586042e5bd9004e9651d3caef92cb0c0dd77551579b64f7dfdb3647042ade10ae97e22bd232fc4bd2137c457a4a6f8d7a466f88af494df1af49cdf12f49cdf12f49cdf1af49cdd57a565f897a565eabd2b35f75e9497e25e959baaf4acbf12f4b4bd57a565eabd2b27c97a564eabd2aff92f4b3d7a5a447b5a4b7243b59ff25e9677c97a59cbd2e7a2f4b15e967740bd2ffe2bd2c7e10bd2e7e10876b69b05e96ff10bd2bfe217a5bfc42f4aff00885e97ff0000bd2dfe217a5c7c217a59bf085e956fc017a587c217a5c7c017a599f005e9767c017a599f005e958fe00bd2ccfd35e948fe00876ac5fa617a523fd30bd290fe905e9487f482f4a41fa6d5e9482dee82f49c1fa417a4a9ff00482f49c1fa411ed0a6fd108768d37e8af48537e92f4852fe92f1f4c7fe10bc7d2fe92f4852fe9235f48778978da4fd15e368ff004578da3fd246be8ce9dd2f1d4971ea235f4a7fa0a35b47ce342b691ad0030a357444fbb29d5d46edda51a9a23fd05788a1f81c8d4d0ebea95df50df672efa84eb67233527f92ef686f7f5d77f47d5e84d457bfac8cb477ddcbbca4eae5de50fc4e5ded1fc4ff00d967a3f8dc83e8fe27591347fa8ffd95e93f55dfb2bd27ea1fd966a4fd53fb20ea4d7f14eab352fea1fd97f0b7f7ff00e97f09fac7f657a5fd6ff4bf843ff35fecaf49ca45fc37eaff00a44d2feb2fe13f57fd2fe17f597f0dfaa81a6fd55fc37eaafe1bf542fe1bf597f09faebf86fd5ff4bf85fd55fc37eaafe17f57fd21e1bf57fd271a5fd6ff004bf86fd65fc2feaa0ea4b5b3afe13e35fc27ea1fd966a5f8d67a5f8cfec83a97e32b3d28feb28ba9be2283a907f5b966a4ea507d2757acf4bf13977949f3427a6b5bd65de527f92ef293fc977b49a7991968cfc4bbea403cb75e3a11b4613fb449bdb4525497734e713afe6aeafc57e2bf05d6aaeaeaf85d5f0b957c2eb557385d5f82eaeae70babab957e0bab9c2eaeaeaeae55cabab9572aeaeaeb31598ab9598acc5662aeae5662838ab9598acdf359cacc5672b3959cf5598ace56772cc5079598acce59cace57785672bbc72ce7aaef0ace5672b3959cace57785778bbc2bbc2bbd2bbc2bbc59cace7aaef1cb31598acee5de159dcbbc72ce5672b39598acce59dc83ddd5673d4a2e775598aef0acf6599d759d171eab3144957c39f0dc8fee44ff00d1b757e3bafbe216b8dfd8fd303c16ff00ad34fcfedc37e1d7879e1a7e489ffa96fc3cf84e278af8f2c02e6b963f2c4705905cd6ff00f5c8c79fb03c16e128047802e415b022d64573c422b92e4bff00f53973fb61cd7fffc4002b10000300020202010401040301010000000001112131415110617120308191a140b1c1d1e1f0f15060ffda0008010100013f21e59929a38d1587ba2594d08cd1b5b34b05d605daf82c4d38621d11f42586242302d9a1c2f864a9934446a9518d9fd84bd95e0bd992f6356cd14ee78d9efc3fa5193b2788858242d70c9967c15bdecbe8e0d797f071702dd5e21935bf1c1cf8c95d7886c929334c7428b621d608c419ecce4c8d604a2121e4f916f287bf098f0f671e51608a0d72266152b2193a34c19637e7144b3a3b36657039ec42c2c11e4fe589b76bf833c84b2608df644aeb30c8b63f43054ae1b37a51ad89c7fe84f62cb08d7e45bb7c4a849e303c68c28f2cf108e3c272257647d19e4bc09ba3cb2b884b81450c7fc09ba3c88b9714c4fcf8571fc0f2e9479747a1f450c469e87bc98391dc929243b1ef452484efc1f051e88c889c98287e08d210cbd98383627a3e118cae4494d92d448c6883c999a217d09097bf12703c981f872688dfd1d2a392186b2212be499a34d11f2cd9cf8d0da39660b7c9b9c17c2bf80a763ac5b3460be88611c06952b32579260831981a268d9cec9e15219d906855b30debc467269bc1c1f2c8b47e0d0e0910782282284e4fe46b1867f23bbd0a3ce06bd8ccb1fe471ad722536cde8a27370475c0b6a8e57ef4369bd645702c5cbf91b1a7d8b0104cfe4689f3442cf5e25560eac7628a9bae131f82620dcd8d8ba11570c63e0c0fa7873cce598489592116468e213068e3c72b06e1c48da16d91f6608cce6b137c79ab5e21f92c8a78d7c60a210c8d9af0c9c512cb33e1690945927e883d222c324317c2d08774987d0c4b069923c8d2f131a12322f0d5c0f32527649e2672689734847f815f18344a4d646344efc7bf127251ec36d131b3243064d223f0d2f944674646849b66635c997c64d64751b3024f2ce0ec94d381d794c88f50842268ff001e86b660a2e82dbc31f758a170511864ca6745b82c6f3d0da9ef81ecd170b191d8442650a2e05a83a27de19fa1aa9e3067a14baa4386418ce0597e891c2ee50d1a363a22b05a643620ba11a1a62c98a0fc8a9223a1ac08c1a6723e02ca434347839d704488259c8dc488467264cd0620a35a234c889e8425e09e8ac13704cc70263041a0a0c899b65e7054436742668ae8b28c41ef19144cf5b29ccc9b1e81a790b91ce97163c8f51e863ff823b73dd111f38836310f748e0592a389f23dbfd0d4b4fc2534e7ec8cd90f706ba4a1bbf02de8b98f3e071cfea1c2ff0008848ae6176c2a6e7fc24cbafdcc0d35ee607de16f6a3297fc0a1b18f4c3e0ff008c1c3fc067ff0000f718ccbf5c3de57b32e58e14e63e6659463dbf46368e6aaffa3a5ff45f61c23824d36fde84f5a11c86f70419154724cc31b56850dfec26c3fc9f81bc3825f0bc73619b1c582b782aad87c3bc6da25fe81376587fc4281ff0b2be2eaf2314f087ba7b70c59778f0df7a9847b674048ff90defafc9f19f17ecd41ff5323cfee2c55fec3ff56c42ff00ef9ffb857fdc60c7ef3b030051e4fa14d2ee3f3c41650f54f488713fed47a7faf0bb3f88bff08d9825e3b7fdc8ee7fd1b8d8f68c85ecfe8cfe25edff001e0a7f098b0d9dcdbf289f2ff624f7fb47cffb123ff51ff6a88f012f87ecf47f6249518fde353d7f64bfde7fea93ff0094cd4f31daf1d43fd04bfd47e2bc07cc0ffc20bfe0e40eb8c98787e863b1fa4724602e043fea47be1c2cf1e84f6d245796bf035349a1c5041a50f63f1346c5a327502bf23498f913d51f5b82726e8e58c7497629ab46319f31e86700ccd364694a8f3642e96315cc9a1acc2dd1c90710d68cec1d34510be933fe46e7432c35591f6148fc0b2fe484246fe048e4a22b3f037e8b818f1b2dd30bd34fa215a4ff00ca1707f030d5fc11ef7ce04c54ad031e472ff7957fdcfc27ec5cdfcc4389b0fa46ad0e09262d9fd86f7d0b6921357039f0282ca3de8c12e7e3c655c27e87594cf8f4e06f365ea0f3f83263dff472afc4869a7623cb8fba5399424f60d0f620f2c35a711c9de0dc05f9fec82ac9c3fc82cd58cdecf00a5881d49b61524d8a763a6a5f227a2642f6abf627fe590ee7eca817fbc0bb46f8c9fc8a0ea533effb23f20def1b190e0b6d17db3165ef5472d94a74eb51cd5a5a6537bc7c983719696c5ccc96dabbecab9463ec5d85132d7459b3746c31225accacd160ef2414a31b49ca133b92b1f0539792f42dec51b741b82f6540f29a7147395ce857199b7d8e60d20de76369f265cd46013f6343ab0434ff0092ccb821f3e054ae3fc89b84364dae5705687ec770ce218ca483c22b7665726b62c9864cbc90e14718e486c9886ba13a6311199b1de859ecb63c168fa12c9b91ea46d0679b1e27a7f016af36349dae41aa27515351b2c32f9139887b82af671b18bc63834d7615be70df2fb34f978489ef3ecf67c18bed11ba8909e3041a3f22339e188dc3728d908b212f93b15147a10c484c8d982574c0d13035cc6181e9a437302bcb6b8d0f012ef909a28d7244f450d3854d6a8da50d87b18781542e87d8f12eb62b6a9c8dee094da33c9a1652e7056278783346f64364c1bfee5cafe0781310753067d898aecb81bf092c2171115e8cc320f826344221f3ae88d1f8d2c332d1bb4625a6d8dc10837319c8e19727923a546f08d0d654e888517b135962ee15b7d0b0f24c538d8d5fa1f80d6af03806658cf6ba2f1c327f826d35ff0069170659ac607ef64670510312c7b16145a339d0b17329b2b1b37c0da90dcd3da83141a7b33731c8de163c1a9c5c931858e86dd77b155c917e0668a0b7b386e36505b7110aa7273f026e77d0937e9195a25c47dabf64a5702ccb1fe8666889c36dde0c3d11ec9ecfc1b7ad0b5154dece62c32db6d22371304c1c4ffefb30849fe45812b0c49a2d7398253e0d9c1fe018e955a2be98984a8cd2530116f51994272c0997249c9c9174205c41c17a3fc0fe45c9dc8bab860c2a2e1d6254808d32c1cfa283a5c51cc89f034b8435863c98e4f907e83b0832726fc124964aa8ac1af47226853f02b35125e10f535c1824fe05e90d9ca15abc23484e8723f1154928e49098113b4fc997c8f910c5830e3e04b0632f0e45fa0fc1b6cca3f61ac95c14615bf81faaa6cbdad0d6e171a155ba397d16ad3d2e4a57626d8da68563505b1d686d1ced89b6f0b46703b2b6c67b68cbac0cf0abf93403579c7437641db8245f0343dec4f0cddc22288938a646cc957470e642e4cc1e4692164de087e08d57c0f2cf466d1d3d996ddb82f4cf67c8a98a2def2612679a441f566065b2e0ab9ea319cb6ccfc0c67cc1425d8eddfd1ecc8d0d2feca721a1ad9aa2b4cf0722def26129792f2a66f8720a6e27ce45e655d0966d90bf26da1223e19231fecaf6e89334c6c82d6c867167a3a866301d8a7a32f889b844abd7fc913336a3ece20653aaad1149317b899dd19e8cd13f7930545b67a8519192d07391101462d7803ecac13d9a92cd41c27c0f3a3c29a8306933451780c46b26b585591b9e86c4d0a826e511058323970583f814661d4c2dc0a5f1acdc997a102d11ab463c32cf41334a7235a0d8243b26748548a6c65b725146096ec8cb470c8d37e3cb22fd0b6bc0b234981f650eff0000a3b645316cb78de4bc8fc6cf49ea17688a982cb263871cc0c948679323968447d8d75cb231931d7ac8e50f7ebc379c94c7938e05b7d90d6d15f22bd279ec9ecaa64ffb0b9138134c1b342220a3a5fc76597e0dc4f63c544f705a157781a69685984b6359211629636cb79ce449d568fa1a5b6f7c15231376bbcf03670839c5ae4a813918c33a66f061703c7acf8e744e1c886f465311f2f44e1742969ba12981229c0a7b51bab023d17dca1eae507a5a0e6b05791952f63677f07fc90dc9342b2d0cb6b8d18877c8822c1b390961c4fa1e047b259cf8ac64b21008a15a1c842409e64886305452ec7590269a1fdec8540d386889ea698cc350a960d9a1ad7473d518be23acc817011445fc06ab9fe46a38c3f20171172b26a377c1fb1334758520d18caf9f06e9e33926357f2588693224a85b0adbe04821a04969149e47b0bc4d2d68b46fc4203524b094c594b110e96bc33872617221d8706e2ba098f7048b160b71935ecd2c1baaa232f67083c31cd17826d5e0965645d931452362e86db626bb710da663773e1642b1d664b035a13669c09473757473c43b338c9c3fc8ca147774cb7f03d19331d6ba306bab1c8edbfd1762e5146c4b818e50e633e1d15fc0e905fd460c76ca31a4f0c87847b31b4700bf150d924167285411f9c291917f626743cc86a511472fc0a9b5c10b6b9f02b4d86ae1e39872b0b1a1f8f8273f633c04b7c17ac6b9124e1697049254c99e33a698c8b3a84c060a3b3c8f818d518bd32c660836324e218f0c9078702100d8425c92f29b632b224ee7420d0713350cbfe53514da4241a7c5bc66afd927c6235c16e10d3e4d11de1f61b871e32a2ebf621084b448266c90f6aaf202d1363d53105c1a7d8d429c8da10631e1141ef24cd421491a7062fe2b83708d95765c8f4466f85fc8d275ec4860b6bf056e60acae5605b1c67813f65122fa5e4615d634c3afe4e9b551cb26161647eb81a5c1fb31a4cadd990e278a2bb05b5634b1d8add328cb0f6f47669f8ca2cb282e4bf65cc43939c0d712cd1d97732334fd970bf81d66959e133a30d4c0b03db70cc0d7b23b2ecc4ad0f6cd6209e0537d84fc130d53f91b4724134d0894cf08d948e185c3431d8dec66b61fe1253a3d97f41d4749b8e992bdc1de543406a7947a39341d92d9107c1a04510d50c67c115c0dc864084788e48c432eb22c94f8e24664463134368d608a43443980afc6eff6349bc193444602a0da50698e21014d0d6b930535424c8fa19904b06e13c0a22f146c46dd5b130e93106054dea173178759a87906fdc3e235b4a8ef0b4ca34c68de6519634650d9e1c1b7c1bae052db127f0552bd9aa25c8ae894d516d43d3e0458a63f0439d8be952713192a7b432c18b0e4c51d445ce8583d19ac8ab6be4c96c4be4e8692344a1d5584559dd4ca619c2498b5ed9a3bf46892adf229cebfb0f751cd3988aaad7e3426245c33b304529727fb1524748cbf21b2d89fb836be7c3261969ec84b4d9f4457a1cf8432969e3f9159211de489b6763fc086a49711810c4672dbc9b9e5d18890e366a98cda639604d8c885a05634c9a453264c81b0e67067499d74c49b1f381cf791b034428c7a0a43461ca864885b6a8465b21cd464bc25204348ceec3b7d8fb130fc3535e14728f43c58280f91ea1a266c993061bf61acc997d1469f2e9629a2a484b780ebf21a846e7b8af442a70ccbf910d0a7505210c318750944b8bb8b4324f4c51bc2996ea8c7c47ba65d0559cf8ec919ec0a04591731bc0e59be810f632553d34d18b8ae96303a260b1dda652b1914e4717636b9ef070710c87c8485ec1e2c0ac62f8187027a22fc8db5af81449d6c58e742c2d36bea12b4552248779830543da379170d23b3c8697c3f4249319c4bf74cb1d68c0ca6cb6ec8ae7c9be4d8f47e4ad8acc91c2fd9853fe0bcdd1be1c8da91ee0c9b0d9ac3626cf442d8ca65ec863c908d9ecc54e622bb1ac2ca1a512c42e3c4f0ada4308b0cc0cfd0f6e21fd4382de07d83ca6eb11bd90a64496631753154aa6b18f031c4c3d610c9e0910ff61bda20b54bb22551cd40b58349f028c06ae22313c9722700d711c825a616f0b1e13d00d1c041534ff71440a1b2265ae7c060cc9cd057816fc8ccfc029931e96f10f93a15c33dfe0c88c95e98dec44de72105264f1b580dc10c26401c8517c788a111ff00d66e2e7cac1a90abd7ccf21031b3ca21caa69a31c1f23ba4ac3791e54d2f4510beed28e76d199a1a6eb08a4ab1ad0691244cb77d98d0682288e7ca3af81fe83585ca16cbba64546d0afeb426d78c7c0b62de0db2378a36f048a997347e70363fd09eb73fa38698af2c746859c465b41366eff25a1780dc5498d2c516e3fed4c57b9fe0bacef64f8135c8d2e3ce7620e6c593f8e6ec85fdde1b267f630f6c93afa240bd52844788620632c0a5492fab05e191c9e090b5b7b133723507fadf02dc0d481ec5a17e18e7591137f9195ac17ea284d89ba193141604c628692e726b6c57a0db4f63be11b704c9f8b5a2e0515e3e4c037cae44f237316322f7c8f02e122972cc3821837d18e4789afc974727a2fb1fa209933612727e44977c0c9074549d7910f18f455d3c15f45bb3a8996a8b2c6ff67648af4fc04c66b81d782bd1a13265a8366db1bcd63eacc2ad04caa32e57b28d9d467f22e038de43917b68ca517a2bb74a715b9a22e845cccc68fc837fe8d46fd12328a24d3df074092ddb2133a83cb1489abb2b7509d909350464d2a3d18d29475c4b067763ff00d2a6e60697435021c27f81e11988c965671e8e17b7a19bca87b7cba21a73c96bdafc8f6dcad1a958e05cb89bc901c47c4726531b4cf8e0c4e44fbd1895e10d53c8c32e590f12503e33b1a4daff000397d1b2709195ca7cfb1180df6c4a20bcadb2a6912db112d8728ed181d970612b80e923f93e34694e8e07b635b354cc01f052b707b80d2c8d5e1611a6c8555610f272d1ae04a8e1a25b98fbec7789684cc23590ca5254285e065c1243661e0c56b26a6a45cf819d23d8667a1e768934d166813925791cc0f0628b2c83c84b0249d6cdacf0a8908b625378437a9026f66fe4d6057867c432e2581d726f1e0ed363581687aa21b1f03e17f24ce5e08695d13373441a20c58d8aed60beab3f614afa24e46f19c90cd1ed8dd0db6c59127486503a5867b2bfc8729617c08db5c0eea246171e14fc3a13bc8bf131384dad744cdc1caaa767453fc1da01b6d422fb50e52199d8926c1925c64b6e45ed31b648b8cac8d3f62ae737424b375d1786718236ae1ccc22cbebc4fb241e34345887e82dec5e0fe0560659162b81e1e1a19b9642b5046d7022a930636b4c9492bfb30242330583de43d1169312d46998193160e547460bc2aad14b6a5db26e6d1b3634ad084e16f45350f4dec5438f6878e89992e06ac90e2f8e1a4703d3f391b46f7113b02d15aa428f4647cbec6dd26cb862b5ec589a54cbe07358a969a154a0651c14986a35a63c93470586d8de69969e79f021a0deb02d14ddbd981af434de924719335ac9550a4e477be58d13159b23c7af034c59c431c926dba1ad8d2494748266373d917b09f460669530d1172c9aad44ec687a5a144cea34d3d0c6cee78a90a90b6343e0053c885632d668e2e088d63b229911de546345f912c3d0ed542349fb235a97a2604b0af04372e1759c1bf0e4c6cdb9c9b507a9823571bd31ec5c18a4609da267443639144e8979f814b515eafe04996849964966d3264ee185599f5adb26b9748b4d768a9b6f67fe0b89c8f1b4d17d0f487bf191e70271668c4fec3fca29bb81acecc180f553330322f83dd21c0fcf0944150b6d4b1434e6448306fb7172648a850999ab22481ad6208582d987381a5e0a0d76d87c862e4caf65c4a4c8924d18090c7d969448947b2c1158c0c28d54b03ce722491e3d90a5c8b213c99dba67b44c930adc626da2f2383b7a1a5b4573943e9cd0f45559918d3db3f2740e9052c6c8df027e87098f435b45702e11f8f25042646cd8f521ae1093d439123799b762511b5d9a0126209b70a9a321c03dce5f46fec7d90fd6311f235d15b1190ac31ac985d915c17c899912723cbc217022d0937b4451619b01acb151d84e56c5f5d980978603ccc91ecf5866ce64a56f2672bc2adfa31977463943797e06ae86b50a9e0a06b485b5b4b3d8f82a67a2c5f24e87a9b5357626450e31b98791335162e45f3de723f8449331f06bc6ccaaf6496ef634064dc9e34451b19fe0b863eb1cf09b1702df34b5c0d70a25a1b49b344183dac8f8bd895445053c29898e7744a11c93366b093ca13658df3fe0caac0eef910c995b44a6623024d0f45e84f464ac3759a517441f08356b5a15a7823e5339241470aa32741f5a2832181eef89c9297a8282c1ec9e07a4728a07e3297ccdf91ee0bb9897e27ed3d47a1f8deaf2ba41c9f56dc8bfa2433d47acc7a3e43e63e51f6b2bc9ee0dc1fd0bdbec1934866852d4c5927cc892d32572456922e2f63cdd23951930d331344c99f089a21e8f7c18447d89e343c0d3cfb190d892d380f60e3e0d4af04c6504a2d51ed3916b225f81f23f03ba8745fda8d5662e86762126e9c3164f85049bb0cd41b84f5f82b577fa3e51da68b93b166924cff053d3b5c391aa7f286acd8e086b4515d24bf037e83590f69b2379584469e44cc542e6ac627066793051f1f0be56508749b3042308497d32a6ea7f2682ec6ec3739845a0fac2f0898b81a5023af62eb23d87b195daa7a0496bc1f4c6eda3d23d44f4490410c1082c1da31ffd18ba3d05780fae36f11bcb01936e83e81d2ec7d44d3c7234b222c8c186121e50daaa141e2e49cb10fce049edeb81a9c64aa35c94967b1bbda2dd211d22d8d3b41e3e82ae4d94648ab5433a889f3c8b21c52824df506882c86562f6ee7f7e2b2ed1c5124156fae694dc9e20e71924da27663b13c096d0a5c95344fd474170b3e47ee393eca494510e76527c413e2b2517cb3e1ccda9f84fa24e8af5a1ef62c9c5a368e131e0825f43f109f434fefa421ec4d3ff00ed4221b780ddc46d2ff0705c1fc278a8f61d5187c2324684add32d6c47439f457caf46e4d8cd1347250dafe06dc0ec4a703b70f099e8663ce457a57ba27056bf8fee3e8f298d0addad6e1a258f91acc5f90a2633d0cf2f7a32647392e7cab9f456b02dac172af4335f064c4ca30e757ebc3dc3e959f2a45b1995c9b0a38bcd52155efe97498417031b51b475b0866cbe7c4b97b3e92fa68bcb7f6f3f5265c9da31ff00e062e86fe07c68f9b678781fd199b8d8b735e8edd7b1efb3e46a9457fe8ee195c9843e2e2e44ae8310b2d5cecec8b5f61ad2c67a1cf91931edf2663d89ada199d4cfc9cdfb47ef8c57672663c61b591b8c5fc8b8f7e064441f95b13f005ab50dfe91e8c56a5fc1f3bf406934d160f616d26be8542f234185a3682418d915f0a54542691052a2a2a297c2082a2aeca8abbf0545ec41055d91e0a883d841047647919db13f4ca8a8abff00bf084443e0dc28d69424c097157f72f6d7b166ec6ace742ed944ab1d4a17228be4acb1336ed981c496dba6495da90acb4a690eb2e4760897b86c22fc8cfc892d5f0b3c90569e0b28ce3c3d12cfa0d0bd4619623179a115048b3191c84fc4f20ca1cd47ec455884fd8bf6c84cb1764374595ec435c39ee25178be9e6d383a9fe86ea713ff0098f8ecf71665ff0090a1e24eb1a1a16bd50e51cbfee470caff00c42ae1a6334763cc0cf070ff00028ff42bb0f5ff0000e6d7f695c258fa67505ea9fa13afc87a367065f8bc2c863d45ad6c3d268dc7488fe8929b906f02b935fa694a51b8872654f305828b382a2a2af0b166082aefc4594c928d16d891e993e50bbd0fa47a826e997cb648247f45fa9b5e2afa69579464c4fd32f89e1f48662ec0ed84d3570497f620dd4f5c2a377753f43d224b4c9131b569b71ff9f27371fe4f900bc5c9cbba5693f65f6246989bd1d5135d7e454e793f823e7ea5965e864da22e8582afd8cb4704159086a918d32a1af685cb4fa1e8219be5149e06ceda5034186a3a360a9a289e44989747a07a5e17a47a47a4f5a3d23d48f423d03d61a784447b4c6e1095c23d48f5212381ea3d47ac7a91e820888e8f411111174444441a41096b191efc3e105115d50c0ea6278704955a798909a6e2fa09703f9ef91fded8467ed05cc5626963c119c970242efec32a191d5c06ebef9394d9b28d4baf5d89117ec16d278c0f59e8cd40e2ed3a1d5bc691b0a2bf81a99dc2a395e4aaf285d590cb17afc86aa3f46caa524dd3f0ff0048f45470cfb20d456682d86d4cf46f92d8f42d8eb066f18d9ae4664344686c5830e0460583f45f38830991512a7e819c8c66206c1d34d21aea7c163843a63c14d67cc1b38116466d42273062b4cf47004cd697a2e17725382e17a303c2e077b0c9023f2262f47425a7c8cbf08f91bea8ea3706502427e4c944982b132a51afe4d95a8d7363833499e3f25479fc15e072606f6d93dcc0f53191cf7e0d86af9fbab2a18478876eb4b986113642415767ad3da0de72247cff0042be3ebc4f0eceaec69d7e04de4e22a9627382f2cdfb161a93e04ec07aa838d1ae0104e5465c7e4dd7f4268ff60bd1c8b5c694cbb4f92991331ce50d73222219248df5868652453c6a97cc5bf811aee3d0e89d5bf6737dd8f4601a8047a78388c8d4d9c8d0272334645cc86d5c9417224d1687216454bb2f5be490a81d42e2834ecf471d16771530a231301f00f904c0602f10b2304e0f8341032cb120bd05f54356334ab23adcbd89e2225c22b66d63a3212546fa19bf0f3c103d842b9f830c5c8ff83e2df56cbf7984a32e2a8d422beca6b883bd83f84466a68b465636d18156d0c94514937e439abec162c7ac1eccc9f8dc3c4f9fb89d821d56e9ac3b4574553922c65f23b0842a8e2d1a44340134fee215693e842188268fa999206054b98fa28a24123444378471e091fac17c52289435090d1485b853824e8c722091059d0dea351bf6a6816253bfc425ba9699ac51b1d68444de106dda9a24457691eb0dfc06c5210885c147e5bf691111d1e8210e0898925c798bc422f13cc44f141a424435e6227da684390b30458b51c1b1968e71a232b5589f6ccbdb11124f8ce5e16bec404cdcc21c30f337ec69368ca1be50aa300d7fc0c44f653d21522545763f4628363392b932859122210d58d97317ed24ec2f81eeccd281d5160c1bc8f1243c3c10c0f902b829dcfe710b08fedf17b1bf58be86be8370a2fa695f4682ff00f77abc0bfbc76f8e4adad8aa7d0fe03268d6869a633853f8e6fe17d8dda18b806e613b387b78d9ff00bd1f38286435390da06dd297c0d9363f42249227d09866afb3f89f6248739af1206af25d194a62d16863c15b5911b1d1bf05d606748c68e44a55f6dfe19a7d66868ffa139208ff00ebff000bc4acc04aad2b9e8c0b47433cb1c3f87e0c4c4feca4ca3a2145404e62d7c9c23519da6ba76034ca110be9d0fe57d90e3442087391ed606ea8d377e4553e28b50d9926521f245c1baf2871d850f54c6367c858235993c0827b17d9551e0363cc9469551a89e7dec6ab3e10f9208ecabb23b23b1ac2de02a12be49ec7ccc4af4cbf420b9dd2596512c3dd8537f2fa254e3f5b6d89e56b9d0c597bb45f4d9c8fc39be026489eaaf8aaa35f22d9fa84ecbcbaf2927147a74a384608e64bf93d010f913670dd8b3b76a486c47445beab051c493b62fcb4316b4f4e8216b3b128e7fc00d86a6866cba5118dcced525d25d958761a299150c8e598a39a4ffa5fe399b51b5a3cfa23193243d41719e0d67f14dc68637dabf4c27d8d0d3f27f07eb88f60dad52ad8991f30c88f625a0a117668f23787d131cd9889146b9b2088b6b0b915b50becd25f4c6bf00de5dcc3e4b83b5d129f420abe7286ce0836bfc86324dbec24efdcc8e3fce84ada136ea839ed4198369698ca5bbcf2c6b60afe208acde4cc1490c4ff00c87bf423b7f1661c562ecdff003965d5df40ab99f4be0536a2e1d9ce85c9625f53447d171f0284f28adb63fa8bd5443ed3d90dc6eec9a562303ace469ec2934ba1f1f5a084c333e43c88deb7f03bbfc6542d75911d0a4a5991fe1cc57055cf41069125176416b349843d5bf2114a24a34240693709a87a57607d33f50450ce2a1a27f4bfc2397d92993236c4e328db62b37c9d9bf2ec7e09ff004ef4c5c6767f0fcdfa258a5981d68a0b9833581e540c3d08a25e1358f7025a6cb602cd1898c1edbd13d1379172364fa726c8a2d7d9b931f8fe8489c7229d5e8628621743839c86a56b7470eb5b37dc7a8495c0de10855ac8b439c0e6c5742d71e4d82e26678c986b7030e8ec58be85ad3b7d4a9b0ab98163b39182dfe4947b437da321b66a8dac1f037e0a62777d77f83f40103c267962710b393e4a5bb4c9527329c705ad3f8a1803f821135b67b426e76b792d24f4dfc1fda9cd0f7933f81660f1e30fe07a70d8b1b673243d0cc6507f2d78f87e04542fe42d29c1d214d6977148dcdcf810dcae0337db9a43b0a1b19d2936636ef68744aff4affe11fcc66724cb1aec34ba149e290d87907e5ffa762e1f3f5e555bf12ea0162c11e0d1068612fc0d319351a2e048a31b1accd3a60d6f2b669f659e0b931f83c178c637d1542a6241883736511d29130960b1c55d8f73299a886c2a544d60546f587ec982416908d8214e4c0b5911af58be21227d0cbdf0d7817fe598df8df0cab6fe0d5cf85e15359328d82e15da42107bccfc06d5bfa110835acbda4cd09f84bc4a373cbbf03f8dc53cbff8e344be1431e1bb7fa855417c2fa21c2fbd3ec6ff0011520fcf903b60457e4d0c72d87f413fb2becafa1e8789f3f53595a6d8f7b3085a45f431afa610687e2b416caa781cce9115a16dfb735e4f3aea97233f423ce1da3e0756c1b927174614ac3072b448f26384a8e5128ed8adafdf5e5b1fdf7e2f8bf40460a5fb7917d37ead87f38c992ff831a3bf810b070326449fc0f24f0bfa0cfb0b89fc7fa1f8074b810d2fb49e58d0d1290c871c0e52606d9ae06abec62567f0fe8f06189cda6690254d98ddca7429ea0521a156c9b467b0c9b73a12220fef2f8bfd55f15f44a5fa1fdcdde16ec6b145696cfc84d53b1d0d827e71fd0f1fda5f71e8d07f17e8b02c91cfd4c641f87f4b5f4a06c4c4b865bfafb0b53e924beca7f541afaafd38ff00e2d165f85451bfa1fd3ab13354e634c4ed8f1a15dd8bc178b9f0771fd2ff00697db7a347c9fc5fa211194d3ec343fad8fe84c0ab237d831567f1442178a60a8a8be697c2dfa9a435f46c4bd296e2b554297e8a5297c2c21af439138f878a52fd57e95fd1d289bcd1f43371545b044f931c98156ba70c5fc0b63bd144f11fd302fb4be95e2f96306f3b262e86e0d7efa8d8fc513abc08f2355fec6e37850897b4948edaa22a558a94c7c0f3dd90cf5f638510f596988f6f2351500ce5de60e56eb17d09e7539312b362267f0a20a7b6287d6dd70d3a9325b1f565fb51b46ffcdca38836e204f1e1c344563ce97a159be8652ab684ddf5a688536bbb4c99950aad31eddf82ff002408914512d90a8d2d8937fe233e1cff00011598b0d1e88ea19cda65befcbffe0565f8510d9e4830f90d3968951a7f91bd8b85e260d86c65f284fce7e99e53f0bcdfa18d0379f42ab171f64d8c37e28fc2c3f1643468cd113db016beddb0f317f23f64e34359832ba19c045070d0c44558cda4d2e529e3e527dacc1d2c605c4f8109f98ce2ca6e47a25535b4fd9797a64c8843d381da0c1b009db9e095f3b16bc60cec674a677aa35c0b1d4bdb68bee2f9138d9b784227f01f8b02d02a092388cc101d2c22576780f430c7aef5fdb1e2fdaa5fe86f8a54528df8706e27d23c114dc5cb177592dd9334543e39e7c65c8c63f13ef17d977e63f8fe778b210ff434727b7c0d461bf0e069e627b11db3dc7a7c02c8b820c44357d7b78abca6d6d1bcc3298942f129821105911596486531224d7030a812c5b42a89113c5f1b542337d0d4457f8c2db6d756c66919b7fef35349447cb3a6610e4787480967c8f7a7c1a93fed0e41bc43860502c8b658952388adee294defd788cd1d7b26d5aecdfae1466d79a346ab7930418f8ee54e7ef1e72a9c7dfbf6afd37e99e2211fc913220da4d323bf15fb12ed1afe47c0bfac9c17dc5e57d0cd2ab27075e77f8da49786ce30c37588bc040d9b6ca24370bc574486b985b177a146caf2c3ce3f9f22b0c51e8a4b52a68c43fee347d739d93e0e742f0c3d9d856616291d3a7233a6d81b167f82133f91f63234dac87e4bda8df4a7f65a186be9d7d99e67f5afebeca7b896f21ac1131bec593c6c4f1939c64a9c73e43fe82a2fb5c9b9fa366e28b9178c86bc8dad7835338e8bbce87e06087c62226a951ef067d22a374f8c8c278516d9a246443498864fb869faf87d0d1b29c6656dec5b7b4e8426d911abb3d209572748c7a1b9b62557f028faa97ecb0d3ffe55fb48dbf25d3653634a5f42c34685ce21fce1b037f2afc52958b027f697d4fc3267e87a1cf82f2f0a7c9cc030c26644e53351db28b7c128e8335f34892981289219714b50a85fc6fad19ab888d342fe914bf69878fe831f4bfa2fda5f43f0bc5f2fc3636222d1085166d1b434dcec5ecd1a0b8f0661323f107e5b1317f44cc17e8e6479178e0a1eee0b770ae41e904d784362203435328a364bf237a15082c514c3d9a93097e21b17d82e22c5fd167d29fda68664ff00e5bfa1885ce4265e7fe09bf35c8f284d542b878f45781fd8613bf44fbd9a45e3311a0fe9910d2150bc45bc0af0d442063a9870347b424e89bd12b94122f0e41a01abeb4d788bcba98ee159082b4c5b409f8c43027f53fa33f1c5a324b21148dca5175eabaa3deed9acc0a04eaae0cd21b94c07e1eb567e27b33a18b70f160b36f310517f8258f4f543361cfb5a111953d3f15b3d05f53e8ddcd4c4d343d760686a5f16342b242ae8faecf568531956ae84eff457e8bf75789ec32c22d5fc069b81cb816f46dc64b925c913e2fe89e1796fb6bc2fa5d8fe28de7c9efeabf047425fa0d7cba0cc342f1120bc44cc4589a081210a52f991a45e6c7b311b4d3cb282f045486f8128ec65f90bed86e9cf043a84a6157f62d81f6eff00b0f8cab3726e7e0d04ed7e2acf17fc87f0bc4786367c8a11b936745038518d33f8f10785a2ac57b355485b4c8246aaeb37b67cae9ed088b1e9ade8fe319bc6f4296e1136b2c65cb8bb826280bc3fb4fecdf2fe944fa8ad66a9ff008361fb65c3457da7e4a72261a365425bf3dfda29f66795f4bc637ea3610c0e990fa9a18485e5c996fa49e51bfe0497819437f52606842f2f96a461548be805a9b57431144244efd97e3982289ed0c6e0fcf2f4eff61a31b5ad8d3169106a271b466df082da8db16166fb2b3d6b157f93b971ad10b5cd8e7fdc5ce4fdc20b567fcc2d26fb1ce89af9299da227f3e3549ae596d8c49899e02de591557909e62c190ccfd2714bd6deb8656ebf53eabf4bf0fede3e8e3e97e109b42db78bba2331d1998bf076bca652f8be6945b1bec5fa6fd1b2f21703b3645f65441aa45f915e2c84b412bd859091898bc411b4e49780be9d46b179b243e8da38f1174a367040927636c8fe0bf65091a2fbfd13ff00167fe24f4e292224f0dd87932dfe39ff00891228928971e1345a7b54cd73771e251b5d6f7dc10f1d12c0ff00e2c244922f0ba29af6332fe89c1f0d1ff8712a925e21fe4952b93da8fb97ec5f17c71f4c31e31e513b06cebe07531bf646e8d8caa4c5a2124ec59e27f4c39fa457e8c7d95e660d22649833785f62d899563f0842af28652745b1e0912313f14de34c21a84212fa56a1a05e58ea131a635b7135e588e427afd9c2d893a85f04fb99faafdd9f687f452fd147f4bbe58b5f698c5b161340f6c68f9312991513b1fe013bfda9f85b1bcbfbbc72261e082507703b797d4fe91878a821ecc0d3c9804c421b316df23ca20be94f157d085f6e7f56e87f6d17d73ea7f5cfa988dc22ca8dd5391adb499930486109aa8e323c597d8be5bef5f1c86b1f83d0aefd985e4fc5a1948fc150bc84c80483364417d2d15962be84f22f344d1912b4be6a294a5f17c5294a5297ca7f79a1a7e297eabf6afdfa315a5d8cb5d0e5e27a1ac483ab62a13e88ae8b51dd32ff006f06333f693c7dfd91ac62382a397daa6e99d9f329bde84c25f8a7818a309424e9b04bead47f7c5e583691da26a9d2b8eec741865c58e5c16448f64f8ac868afa129dcc250d67d0c49931ead70b03eb303da6d0fbb1c18d3c44b1897d4434d4c5f81599382d88ba1cae1d0af7886720c69795e14768fb8738367b0ea355f45455f4e18d09ab23e909d2197e87ad08fd069f75d254b6bae0ca5294be142944a4df42b8d8e44137e370cf81c7b14ff00a8c268be8a454dd51fce9f5bf1827f417348fed9842e449a18770f35b1a760f88e512186e88f290f4c8d61795a205497d7a44548e8be858295ebb14e41e57412795135f0ca7b1f4d5b71e0a8a6a9b5a13a531cf7a15338ff0062564ba373b3058549a17b68626277e047c36f35f07271b474096059ac92f81d0d46d3d81814a53a81c4e086f851bda167cc621c5b6f931c896c3f91904e79aba37a682127187e63d1130de973f81c75995d8f330cef62522eef3c13ee581c94acc463d5847e18fd5e62e9322ae588d787f5fc8b492b72cff46420e4afc6c7a279852745d0aaa7042d359e82c8dbe0e87a1c642b6d2e858b01b5fe433287c2134b768c86cc11952f1d76ca9f98c7b752728bcaf8b027b87b183d6cdf6f625db29eaa12c47b092ff6383c7fd1c94083821f6d76304ca0fdc951607b58efc16cd9781ba8ee0c08fb2c18d06f2561f9651bfab613fa2fdae22441f85f61934c954c546c26d085f445fbf80ea132fe826314922482fa59acdbf3e178655042a728ca4624f5e468cdbe82859e39111f30ccc8ec48971e891963d97c3c780473f90df834285e39e27a2b4e47f433a95120590bf03f009433ecbea33f468c91d8d00556e0a92dcecd9f61a3676bfbcfd916c2d3ba428272f6ce6f8905e96f2694fc8aafb032f3e43fb0865b0d86c74897f08a572c5f27e884d1d02c333b5bf88335cbc2ff0061f52e4afced1fc218dc91126359ed9811a0adbdebb27e9b6f286c6f791aef236679638e8626e98c3f7e98c5d9fcc154f511eaba2702e59c1a56047e237d23e131896272ca976fa135d4ed60470d312c9befc60ebf7268f67b23e43f82fb168c1a1b2f0d87f5bf0bc2fbe46e789f94feb1f889e1e1b1c762bec68651a53c884cc908f2354bcdfa1f859093d0bcfaafa1f0dfe4122ecd0d5d2488aba08027a3346c362d8c7919a0ddb4da1b70d91ee3586552a2eca861ccaa31ca98f83a2a8f06f8bb1aa13f2c4e4da62565c7fcb36285b05c2aa0762456d61d88fdea1737278ed9fe04fd64660f930432493dfc4a296e8a4dafb124d72fee63af8196de5ae42059bae0999415e1b8c31f597ce112ae9b68e763a4d100e2f0d1320cad74c89f857f14c0b56b49fc0b2fe3c095b3e163d15f91b300fc674679b3458b0581897251454d2aa7162e9d157255466d45644e6678bea0f0474eeb0cae4a7684b6f0e52af3dbc0dbc39be21b16ff0079b283d4747470a1e9e49c46cf66bb32edda149aa56cbbf0a788f1e180a4b2fd2ca5fa108be17dbe26b197e95e6784f146fe8eefd33c2d0dac17d866a377cfd18c51c373497a20f02a61bca46f2b6c9a2314d15222637d96b822d24d6440ee427c1b3412c24936c8b0e4651b1e90555e09f169905f43437e083765f05269f41b5e288f07b69ff0466bedff0090d0da7b1b636e6d10ad4217a64365fc822b9ad6455cc5c8f49ac8647132ec649b5cf70835fde89492e11b33f0e1a224a22e0df687e4acd599df3d1da1dec38a9a7f63e29d7db26376dd8d6aa98f198fd9306d89f7d9860a8bbab9149c607a72e4295289ba2f8bfc609430ec78f25f5833695f91ff00249b836f7d8c732fd8d4b1b6aaa9a37abfc849cc4eed904d47667edb230897486f9db6ed3042377c0f1e86de0d993f05af44c8c68e88b83301371bd0a5be17d0be94fc378bf6e6112364a413d88bf513c418834bf89a381962794c922f17eac88c397b98bed22fe9993e94ff00a3427de7f6f7899d8f7b1fe49ece209e05486691391f3155330de0d64a61549975f6d84fcdfb334755fc8d3c31730ee627ecbecaec8fd8684f063f160707e29900a84442789f44f06ff9178be5b46029134fc345b651c813bfd6a7f5d23ecc189f561157d84d3f183829936320972706e3e7a435ec7108d9a150f5a3611d459e90d06d8108d7eb5f4363ecaf14d47faf3ecbfd12cfe081f95a4d3edba05e79a0c10bb1ad60ad27b1fe45cf7d19007aa8414d33332346dc5e852f07e457f461e0b693837c039337a5be4d91c75fb9106e246b369d87058687b5ea4a1a9663f116fec514cde08d5906b147c31fa3ab9b080870f1565996af106f8b5ed10e06d31df4a1e07f6452dd3c945779f02ac9cdc5448d0f974e8fcd05324a7a1940fc0259b3c851004acb3d1a78bcec93c9d2115ac342d1d2359418e3640b4f70ded6ba335e490c92be58214bcf4265e2b6d60521f4960b6a1a176be7831d9b4d73b1663f828ab6bb580da3d4c0dca25229e8546883f61cb48cc32d9a8473c8fd44e2174acd89a27c7945b713177e10da3911d607e8715a8cb866a78c1a16ee40e63133449a0dfa19262351bc8a68a7452f9be28c2fad7d0f3fa0adf4a77e062db13cf8a382bec421a8dff22fa26d1be85e21dad8e57d16fa0c1df1475b852cc4f196e718e58d17d0848c4ad0746ca89295c242938988687c53fc97ab5ed9116783e576703c76678bc9930b2bc171551fef4639e6552f2cb6f7d0c62e1cd0eaf8e99723b243694f6cc80ce4afc5f10973c8a9fe07ed0ce7576f4c661aabd88edb7b47b4557e011bc7b3111e82e49a45902b69542be073107e3ff664365e8588d06c4346969e811381df98c88c5c510bfe110c55bf903b3e0d8d8d7e62a7d7a18adb5a360f2196b21c113e0523e82a1a1f19059f3bd1af81da311e8b6aae92f81df6cd12be3b2234ac7ca2f1b98cedb1b7042e5c7c0ba047c3c6ad78d3444c1d8c4ca9345e06150d6508705fb2df6d29593f6df8be7dc33b1b7637ecf60dcb6b27df82fde85bf67d0ed218f7f1516bf1c8d60d0429fcb1a2bf1b43d06f3c9368d381304d20ef89e048e3122fa7d81bf270d30569cc2b34604fd06a8c43f9c3b1854e7c9885bb5edfa0b1a4dfb8ddc9358662bf62eb06d04f6162f6d28c8735d07f1c5acbc4c241dae85f2fc69d2e3e306ac52cff0007ecceece4af7c8a525c46af6b201cac990ddce8ab27b0f8eb28f9146dfc3f216e59824544bf99a38a5413b5fac5b27e85a6f982bb50d0b94d5145b4437248db4a568ddf4aa1ed86489b819844ce0643e66ecad85c10fadc8553ea5b13d13a090b09807ee181a9fb392659d988a6d5ad725acb7d11675742379609fc42113727fcc3cc91686f3e4db3492cd0993625ce07346878fc0e53e28ac55a398c5013f34bebcdf25f0bebcd415ac947d7de31874c4095688649ee9912751b12f42c89f17c45f6c4229f9ca1b7964ada72a94ecd06d1646c7ebe0149526f45c8ec7226ccb2642c5c4135ca131b98, '2023-07-10 13:17:15', '2023-07-11 18:16:02', 1, 748114);
INSERT INTO `users` (`id`, `fullName`, `userEmail`, `password`, `contactNo`, `address`, `State`, `country`, `pincode`, `userImage`, `regDate`, `updationDate`, `status`, `code`) VALUES
(3, 'Ahmet Recep', 'ahmetrecepgullucayir02@gmail.com', '80f258a6d547ac745809eeaef41adde5', 5468655617, NULL, NULL, NULL, NULL, NULL, '2023-07-13 13:17:43', '2023-07-13 16:17:43', 1, 0),
(4, 'asdz asdz', 'user1@mail.com', 'a8f5f167f44f4964e6c998dee827110c', 1111111111, NULL, NULL, NULL, NULL, NULL, '2023-07-14 00:32:04', '2023-07-14 03:32:04', 1, 914),
(22, 'User user ', 'usertest@mail.com', 'ee11cbb19052e40b07aac0ca060c23ee', 5453152492, 'Zafer Mah. Erzurum Cad. Michelin lastik üstü K:4  D.16', 'Erzurum', 'Türkiye', 49001, NULL, '2023-07-14 19:50:15', '2023-07-14 22:57:11', 1, 151);

--
-- Dökümü yapılmış tablolar için indeksler
--

--
-- Tablo için indeksler `admin`
--
ALTER TABLE `admin`
  ADD PRIMARY KEY (`id`);

--
-- Tablo için indeksler `category`
--
ALTER TABLE `category`
  ADD PRIMARY KEY (`id`);

--
-- Tablo için indeksler `complaintremark`
--
ALTER TABLE `complaintremark`
  ADD PRIMARY KEY (`id`);

--
-- Tablo için indeksler `state`
--
ALTER TABLE `state`
  ADD PRIMARY KEY (`id`);

--
-- Tablo için indeksler `subcategory`
--
ALTER TABLE `subcategory`
  ADD PRIMARY KEY (`id`);

--
-- Tablo için indeksler `tblcomplaints`
--
ALTER TABLE `tblcomplaints`
  ADD PRIMARY KEY (`complaintNumber`);

--
-- Tablo için indeksler `userlog`
--
ALTER TABLE `userlog`
  ADD PRIMARY KEY (`id`);

--
-- Tablo için indeksler `users`
--
ALTER TABLE `users`
  ADD PRIMARY KEY (`id`);

--
-- Dökümü yapılmış tablolar için AUTO_INCREMENT değeri
--

--
-- Tablo için AUTO_INCREMENT değeri `admin`
--
ALTER TABLE `admin`
  MODIFY `id` int(11) NOT NULL AUTO_INCREMENT, AUTO_INCREMENT=2;

--
-- Tablo için AUTO_INCREMENT değeri `category`
--
ALTER TABLE `category`
  MODIFY `id` int(11) NOT NULL AUTO_INCREMENT, AUTO_INCREMENT=6;

--
-- Tablo için AUTO_INCREMENT değeri `complaintremark`
--
ALTER TABLE `complaintremark`
  MODIFY `id` int(11) NOT NULL AUTO_INCREMENT, AUTO_INCREMENT=11;

--
-- Tablo için AUTO_INCREMENT değeri `state`
--
ALTER TABLE `state`
  MODIFY `id` int(11) NOT NULL AUTO_INCREMENT, AUTO_INCREMENT=15;

--
-- Tablo için AUTO_INCREMENT değeri `subcategory`
--
ALTER TABLE `subcategory`
  MODIFY `id` int(11) NOT NULL AUTO_INCREMENT, AUTO_INCREMENT=8;

--
-- Tablo için AUTO_INCREMENT değeri `tblcomplaints`
--
ALTER TABLE `tblcomplaints`
  MODIFY `complaintNumber` int(11) NOT NULL AUTO_INCREMENT, AUTO_INCREMENT=9;

--
-- Tablo için AUTO_INCREMENT değeri `userlog`
--
ALTER TABLE `userlog`
  MODIFY `id` int(11) NOT NULL AUTO_INCREMENT, AUTO_INCREMENT=38;

--
-- Tablo için AUTO_INCREMENT değeri `users`
--
ALTER TABLE `users`
  MODIFY `id` int(11) NOT NULL AUTO_INCREMENT, AUTO_INCREMENT=23;
COMMIT;

/*!40101 SET CHARACTER_SET_CLIENT=@OLD_CHARACTER_SET_CLIENT */;
/*!40101 SET CHARACTER_SET_RESULTS=@OLD_CHARACTER_SET_RESULTS */;
/*!40101 SET COLLATION_CONNECTION=@OLD_COLLATION_CONNECTION */;
